/*
 Navicat Premium Data Transfer

 Source Server         : localhost
 Source Server Type    : MySQL
 Source Server Version : 50725
 Source Host           : localhost:3306
 Source Schema         : upms

 Target Server Type    : MySQL
 Target Server Version : 50725
 File Encoding         : 65001

 Date: 27/03/2019 19:06:49
*/

SET NAMES utf8mb4;
SET FOREIGN_KEY_CHECKS = 0;

-- ----------------------------
-- Table structure for qrtz_blob_triggers
-- ----------------------------
DROP TABLE IF EXISTS `qrtz_blob_triggers`;
CREATE TABLE `qrtz_blob_triggers` (
  `SCHED_NAME` varchar(120) NOT NULL,
  `TRIGGER_NAME` varchar(200) NOT NULL,
  `TRIGGER_GROUP` varchar(200) NOT NULL,
  `BLOB_DATA` blob,
  PRIMARY KEY (`SCHED_NAME`,`TRIGGER_NAME`,`TRIGGER_GROUP`),
  KEY `SCHED_NAME` (`SCHED_NAME`,`TRIGGER_NAME`,`TRIGGER_GROUP`) USING BTREE,
  CONSTRAINT `qrtz_blob_triggers_ibfk_1` FOREIGN KEY (`SCHED_NAME`, `TRIGGER_NAME`, `TRIGGER_GROUP`) REFERENCES `qrtz_triggers` (`SCHED_NAME`, `TRIGGER_NAME`, `TRIGGER_GROUP`)
) ENGINE=InnoDB DEFAULT CHARSET=utf8;

-- ----------------------------
-- Table structure for qrtz_calendars
-- ----------------------------
DROP TABLE IF EXISTS `qrtz_calendars`;
CREATE TABLE `qrtz_calendars` (
  `SCHED_NAME` varchar(120) NOT NULL,
  `CALENDAR_NAME` varchar(200) NOT NULL,
  `CALENDAR` blob NOT NULL,
  PRIMARY KEY (`SCHED_NAME`,`CALENDAR_NAME`)
) ENGINE=InnoDB DEFAULT CHARSET=utf8;

-- ----------------------------
-- Table structure for qrtz_cron_triggers
-- ----------------------------
DROP TABLE IF EXISTS `qrtz_cron_triggers`;
CREATE TABLE `qrtz_cron_triggers` (
  `SCHED_NAME` varchar(120) NOT NULL,
  `TRIGGER_NAME` varchar(200) NOT NULL,
  `TRIGGER_GROUP` varchar(200) NOT NULL,
  `CRON_EXPRESSION` varchar(120) NOT NULL,
  `TIME_ZONE_ID` varchar(80) DEFAULT NULL,
  PRIMARY KEY (`SCHED_NAME`,`TRIGGER_NAME`,`TRIGGER_GROUP`),
  CONSTRAINT `qrtz_cron_triggers_ibfk_1` FOREIGN KEY (`SCHED_NAME`, `TRIGGER_NAME`, `TRIGGER_GROUP`) REFERENCES `qrtz_triggers` (`SCHED_NAME`, `TRIGGER_NAME`, `TRIGGER_GROUP`)
) ENGINE=InnoDB DEFAULT CHARSET=utf8;

-- ----------------------------
-- Records of qrtz_cron_triggers
-- ----------------------------
BEGIN;
INSERT INTO `qrtz_cron_triggers` VALUES ('UpmsScheduler', 'TASK_1110823541491785729', 'DEFAULT', '*/10 * * * * ?', 'Asia/Shanghai');
INSERT INTO `qrtz_cron_triggers` VALUES ('UpmsScheduler', 'TASK_1110823799403732994', 'DEFAULT', '*/10 * * * * ?', 'Asia/Shanghai');
INSERT INTO `qrtz_cron_triggers` VALUES ('UpmsScheduler', 'TASK_1110824058062266369', 'DEFAULT', '*/10 * * * * ?', 'Asia/Shanghai');
INSERT INTO `qrtz_cron_triggers` VALUES ('UpmsScheduler', 'TASK_1110826946150948865', 'DEFAULT', '*/10 * * * * ?', 'Asia/Shanghai');
COMMIT;

-- ----------------------------
-- Table structure for qrtz_fired_triggers
-- ----------------------------
DROP TABLE IF EXISTS `qrtz_fired_triggers`;
CREATE TABLE `qrtz_fired_triggers` (
  `SCHED_NAME` varchar(120) NOT NULL,
  `ENTRY_ID` varchar(95) NOT NULL,
  `TRIGGER_NAME` varchar(200) NOT NULL,
  `TRIGGER_GROUP` varchar(200) NOT NULL,
  `INSTANCE_NAME` varchar(200) NOT NULL,
  `FIRED_TIME` bigint(13) NOT NULL,
  `SCHED_TIME` bigint(13) NOT NULL,
  `PRIORITY` int(11) NOT NULL,
  `STATE` varchar(16) NOT NULL,
  `JOB_NAME` varchar(200) DEFAULT NULL,
  `JOB_GROUP` varchar(200) DEFAULT NULL,
  `IS_NONCONCURRENT` varchar(1) DEFAULT NULL,
  `REQUESTS_RECOVERY` varchar(1) DEFAULT NULL,
  PRIMARY KEY (`SCHED_NAME`,`ENTRY_ID`),
  KEY `IDX_QRTZ_FT_TRIG_INST_NAME` (`SCHED_NAME`,`INSTANCE_NAME`) USING BTREE,
  KEY `IDX_QRTZ_FT_INST_JOB_REQ_RCVRY` (`SCHED_NAME`,`INSTANCE_NAME`,`REQUESTS_RECOVERY`) USING BTREE,
  KEY `IDX_QRTZ_FT_J_G` (`SCHED_NAME`,`JOB_NAME`,`JOB_GROUP`) USING BTREE,
  KEY `IDX_QRTZ_FT_JG` (`SCHED_NAME`,`JOB_GROUP`) USING BTREE,
  KEY `IDX_QRTZ_FT_T_G` (`SCHED_NAME`,`TRIGGER_NAME`,`TRIGGER_GROUP`) USING BTREE,
  KEY `IDX_QRTZ_FT_TG` (`SCHED_NAME`,`TRIGGER_GROUP`) USING BTREE
) ENGINE=InnoDB DEFAULT CHARSET=utf8;

-- ----------------------------
-- Table structure for qrtz_job_details
-- ----------------------------
DROP TABLE IF EXISTS `qrtz_job_details`;
CREATE TABLE `qrtz_job_details` (
  `SCHED_NAME` varchar(120) NOT NULL,
  `JOB_NAME` varchar(200) NOT NULL,
  `JOB_GROUP` varchar(200) NOT NULL,
  `DESCRIPTION` varchar(250) DEFAULT NULL,
  `JOB_CLASS_NAME` varchar(250) NOT NULL,
  `IS_DURABLE` varchar(1) NOT NULL,
  `IS_NONCONCURRENT` varchar(1) NOT NULL,
  `IS_UPDATE_DATA` varchar(1) NOT NULL,
  `REQUESTS_RECOVERY` varchar(1) NOT NULL,
  `JOB_DATA` blob,
  PRIMARY KEY (`SCHED_NAME`,`JOB_NAME`,`JOB_GROUP`),
  KEY `IDX_QRTZ_J_REQ_RECOVERY` (`SCHED_NAME`,`REQUESTS_RECOVERY`) USING BTREE,
  KEY `IDX_QRTZ_J_GRP` (`SCHED_NAME`,`JOB_GROUP`) USING BTREE
) ENGINE=InnoDB DEFAULT CHARSET=utf8;

-- ----------------------------
-- Records of qrtz_job_details
-- ----------------------------
BEGIN;
INSERT INTO `qrtz_job_details` VALUES ('UpmsScheduler', 'TASK_1110823541491785729', 'DEFAULT', NULL, 'com.perye.job.utils.ScheduleJob', '0', '0', '0', '0', 0xACED0005737200156F72672E71756172747A2E4A6F62446174614D61709FB083E8BFA9B0CB020000787200266F72672E71756172747A2E7574696C732E537472696E674B65794469727479466C61674D61708208E8C3FBC55D280200015A0013616C6C6F77735472616E7369656E74446174617872001D6F72672E71756172747A2E7574696C732E4469727479466C61674D617013E62EAD28760ACE0200025A000564697274794C00036D617074000F4C6A6176612F7574696C2F4D61703B787001737200116A6176612E7574696C2E486173684D61700507DAC1C31660D103000246000A6C6F6164466163746F724900097468726573686F6C6478703F4000000000000C7708000000100000000174000D4A4F425F504152414D5F4B455973720026636F6D2E70657279652E6A6F622E656E746974792E5363686564756C654A6F62456E7469747900000000000000010200084C00086265616E4E616D657400124C6A6176612F6C616E672F537472696E673B4C000A63726561746554696D657400104C6A6176612F7574696C2F446174653B4C000E63726F6E45787072657373696F6E71007E00094C00056A6F6249647400104C6A6176612F6C616E672F4C6F6E673B4C000A6D6574686F644E616D6571007E00094C0006706172616D7371007E00094C000672656D61726B71007E00094C00067374617475737400134C6A6176612F6C616E672F496E74656765723B7870740008746573745461736B7372000E6A6176612E7574696C2E44617465686A81014B5974190300007870770800000169BE4D845C7874000E2A2F3130202A202A202A202A203F7372000E6A6176612E6C616E672E4C6F6E673B8BE490CC8F23DF0200014A000576616C7565787200106A6176612E6C616E672E4E756D62657286AC951D0B94E08B02000078700F6A702026C26001740005746573743374000074001BE69C89E58F82E695B0E5BC82E6ADA5E696B9E6B395E6B58BE8AF95737200116A6176612E6C616E672E496E746567657212E2A0A4F781873802000149000576616C75657871007E0013000000007800);
INSERT INTO `qrtz_job_details` VALUES ('UpmsScheduler', 'TASK_1110823799403732994', 'DEFAULT', NULL, 'com.perye.job.utils.ScheduleJob', '0', '0', '0', '0', 0xACED0005737200156F72672E71756172747A2E4A6F62446174614D61709FB083E8BFA9B0CB020000787200266F72672E71756172747A2E7574696C732E537472696E674B65794469727479466C61674D61708208E8C3FBC55D280200015A0013616C6C6F77735472616E7369656E74446174617872001D6F72672E71756172747A2E7574696C732E4469727479466C61674D617013E62EAD28760ACE0200025A000564697274794C00036D617074000F4C6A6176612F7574696C2F4D61703B787001737200116A6176612E7574696C2E486173684D61700507DAC1C31660D103000246000A6C6F6164466163746F724900097468726573686F6C6478703F4000000000000C7708000000100000000174000D4A4F425F504152414D5F4B455973720026636F6D2E70657279652E6A6F622E656E746974792E5363686564756C654A6F62456E7469747900000000000000010200084C00086265616E4E616D657400124C6A6176612F6C616E672F537472696E673B4C000A63726561746554696D657400104C6A6176612F7574696C2F446174653B4C000E63726F6E45787072657373696F6E71007E00094C00056A6F6249647400104C6A6176612F6C616E672F4C6F6E673B4C000A6D6574686F644E616D6571007E00094C0006706172616D7371007E00094C000672656D61726B71007E00094C00067374617475737400134C6A6176612F6C616E672F496E74656765723B7870740008746573745461736B7372000E6A6176612E7574696C2E44617465686A81014B5974190300007870770800000169BE4E748F7874000E2A2F3130202A202A202A202A203F7372000E6A6176612E6C616E672E4C6F6E673B8BE490CC8F23DF0200014A000576616C7565787200106A6176612E6C616E672E4E756D62657286AC951D0B94E08B02000078700F6A705C338260027400057465737432740000740012E697A0E58F82E6B58BE8AF95E696B9E6B395737200116A6176612E6C616E672E496E746567657212E2A0A4F781873802000149000576616C75657871007E0013000000007800);
INSERT INTO `qrtz_job_details` VALUES ('UpmsScheduler', 'TASK_1110824058062266369', 'DEFAULT', NULL, 'com.perye.job.utils.ScheduleJob', '0', '0', '0', '0', 0xACED0005737200156F72672E71756172747A2E4A6F62446174614D61709FB083E8BFA9B0CB020000787200266F72672E71756172747A2E7574696C732E537472696E674B65794469727479466C61674D61708208E8C3FBC55D280200015A0013616C6C6F77735472616E7369656E74446174617872001D6F72672E71756172747A2E7574696C732E4469727479466C61674D617013E62EAD28760ACE0200025A000564697274794C00036D617074000F4C6A6176612F7574696C2F4D61703B787001737200116A6176612E7574696C2E486173684D61700507DAC1C31660D103000246000A6C6F6164466163746F724900097468726573686F6C6478703F4000000000000C7708000000100000000174000D4A4F425F504152414D5F4B455973720026636F6D2E70657279652E6A6F622E656E746974792E5363686564756C654A6F62456E7469747900000000000000010200084C00086265616E4E616D657400124C6A6176612F6C616E672F537472696E673B4C000A63726561746554696D657400104C6A6176612F7574696C2F446174653B4C000E63726F6E45787072657373696F6E71007E00094C00056A6F6249647400104C6A6176612F6C616E672F4C6F6E673B4C000A6D6574686F644E616D6571007E00094C0006706172616D7371007E00094C000672656D61726B71007E00094C00067374617475737400134C6A6176612F6C616E672F496E74656765723B7870740008746573745461736B7372000E6A6176612E7574696C2E44617465686A81014B5974190300007870770800000169BE4F65747874000E2A2F3130202A202A202A202A203F7372000E6A6176612E6C616E672E4C6F6E673B8BE490CC8F23DF0200014A000576616C7565787200106A6176612E6C616E672E4E756D62657286AC951D0B94E08B02000078700F6A70986CC2600174000474657374740006E58F82E695B0740018E69C89E58F82E695B0E79A84E6B58BE8AF95E696B9E6B395737200116A6176612E6C616E672E496E746567657212E2A0A4F781873802000149000576616C75657871007E0013000000007800);
INSERT INTO `qrtz_job_details` VALUES ('UpmsScheduler', 'TASK_1110826946150948865', 'DEFAULT', NULL, 'com.perye.job.utils.ScheduleJob', '0', '0', '0', '0', 0xACED0005737200156F72672E71756172747A2E4A6F62446174614D61709FB083E8BFA9B0CB020000787200266F72672E71756172747A2E7574696C732E537472696E674B65794469727479466C61674D61708208E8C3FBC55D280200015A0013616C6C6F77735472616E7369656E74446174617872001D6F72672E71756172747A2E7574696C732E4469727479466C61674D617013E62EAD28760ACE0200025A000564697274794C00036D617074000F4C6A6176612F7574696C2F4D61703B787001737200116A6176612E7574696C2E486173684D61700507DAC1C31660D103000246000A6C6F6164466163746F724900097468726573686F6C6478703F4000000000000C7708000000100000000174000D4A4F425F504152414D5F4B455973720026636F6D2E70657279652E6A6F622E656E746974792E5363686564756C654A6F62456E7469747900000000000000010200084C00086265616E4E616D657400124C6A6176612F6C616E672F537472696E673B4C000A63726561746554696D657400104C6A6176612F7574696C2F446174653B4C000E63726F6E45787072657373696F6E71007E00094C00056A6F6249647400104C6A6176612F6C616E672F4C6F6E673B4C000A6D6574686F644E616D6571007E00094C0006706172616D7371007E00094C000672656D61726B71007E00094C00067374617475737400134C6A6176612F6C616E672F496E74656765723B7870740008746573745461736B7372000E6A6176612E7574696C2E44617465686A81014B5974190300007870770800000169BE59E7287874000E2A2F3130202A202A202A202A203F7372000E6A6176612E6C616E672E4C6F6E673B8BE490CC8F23DF0200014A000576616C7565787200106A6176612E6C616E672E4E756D62657286AC951D0B94E08B02000078700F6A7338DC426001740005746573743474000074000131737200116A6176612E6C616E672E496E746567657212E2A0A4F781873802000149000576616C75657871007E0013000000007800);
COMMIT;

-- ----------------------------
-- Table structure for qrtz_locks
-- ----------------------------
DROP TABLE IF EXISTS `qrtz_locks`;
CREATE TABLE `qrtz_locks` (
  `SCHED_NAME` varchar(120) NOT NULL,
  `LOCK_NAME` varchar(40) NOT NULL,
  PRIMARY KEY (`SCHED_NAME`,`LOCK_NAME`)
) ENGINE=InnoDB DEFAULT CHARSET=utf8;

-- ----------------------------
-- Records of qrtz_locks
-- ----------------------------
BEGIN;
INSERT INTO `qrtz_locks` VALUES ('UpmsScheduler', 'STATE_ACCESS');
INSERT INTO `qrtz_locks` VALUES ('UpmsScheduler', 'TRIGGER_ACCESS');
COMMIT;

-- ----------------------------
-- Table structure for qrtz_paused_trigger_grps
-- ----------------------------
DROP TABLE IF EXISTS `qrtz_paused_trigger_grps`;
CREATE TABLE `qrtz_paused_trigger_grps` (
  `SCHED_NAME` varchar(120) NOT NULL,
  `TRIGGER_GROUP` varchar(200) NOT NULL,
  PRIMARY KEY (`SCHED_NAME`,`TRIGGER_GROUP`)
) ENGINE=InnoDB DEFAULT CHARSET=utf8;

-- ----------------------------
-- Table structure for qrtz_scheduler_state
-- ----------------------------
DROP TABLE IF EXISTS `qrtz_scheduler_state`;
CREATE TABLE `qrtz_scheduler_state` (
  `SCHED_NAME` varchar(120) NOT NULL,
  `INSTANCE_NAME` varchar(200) NOT NULL,
  `LAST_CHECKIN_TIME` bigint(13) NOT NULL,
  `CHECKIN_INTERVAL` bigint(13) NOT NULL,
  PRIMARY KEY (`SCHED_NAME`,`INSTANCE_NAME`)
) ENGINE=InnoDB DEFAULT CHARSET=utf8;

-- ----------------------------
-- Records of qrtz_scheduler_state
-- ----------------------------
BEGIN;
INSERT INTO `qrtz_scheduler_state` VALUES ('UpmsScheduler', 'perye.local1553676706528', 1553684802429, 15000);
COMMIT;

-- ----------------------------
-- Table structure for qrtz_simple_triggers
-- ----------------------------
DROP TABLE IF EXISTS `qrtz_simple_triggers`;
CREATE TABLE `qrtz_simple_triggers` (
  `SCHED_NAME` varchar(120) NOT NULL,
  `TRIGGER_NAME` varchar(200) NOT NULL,
  `TRIGGER_GROUP` varchar(200) NOT NULL,
  `REPEAT_COUNT` bigint(7) NOT NULL,
  `REPEAT_INTERVAL` bigint(12) NOT NULL,
  `TIMES_TRIGGERED` bigint(10) NOT NULL,
  PRIMARY KEY (`SCHED_NAME`,`TRIGGER_NAME`,`TRIGGER_GROUP`),
  CONSTRAINT `qrtz_simple_triggers_ibfk_1` FOREIGN KEY (`SCHED_NAME`, `TRIGGER_NAME`, `TRIGGER_GROUP`) REFERENCES `qrtz_triggers` (`SCHED_NAME`, `TRIGGER_NAME`, `TRIGGER_GROUP`)
) ENGINE=InnoDB DEFAULT CHARSET=utf8;

-- ----------------------------
-- Table structure for qrtz_simprop_triggers
-- ----------------------------
DROP TABLE IF EXISTS `qrtz_simprop_triggers`;
CREATE TABLE `qrtz_simprop_triggers` (
  `SCHED_NAME` varchar(120) NOT NULL,
  `TRIGGER_NAME` varchar(200) NOT NULL,
  `TRIGGER_GROUP` varchar(200) NOT NULL,
  `STR_PROP_1` varchar(512) DEFAULT NULL,
  `STR_PROP_2` varchar(512) DEFAULT NULL,
  `STR_PROP_3` varchar(512) DEFAULT NULL,
  `INT_PROP_1` int(11) DEFAULT NULL,
  `INT_PROP_2` int(11) DEFAULT NULL,
  `LONG_PROP_1` bigint(20) DEFAULT NULL,
  `LONG_PROP_2` bigint(20) DEFAULT NULL,
  `DEC_PROP_1` decimal(13,4) DEFAULT NULL,
  `DEC_PROP_2` decimal(13,4) DEFAULT NULL,
  `BOOL_PROP_1` varchar(1) DEFAULT NULL,
  `BOOL_PROP_2` varchar(1) DEFAULT NULL,
  PRIMARY KEY (`SCHED_NAME`,`TRIGGER_NAME`,`TRIGGER_GROUP`),
  CONSTRAINT `qrtz_simprop_triggers_ibfk_1` FOREIGN KEY (`SCHED_NAME`, `TRIGGER_NAME`, `TRIGGER_GROUP`) REFERENCES `qrtz_triggers` (`SCHED_NAME`, `TRIGGER_NAME`, `TRIGGER_GROUP`)
) ENGINE=InnoDB DEFAULT CHARSET=utf8;

-- ----------------------------
-- Table structure for qrtz_triggers
-- ----------------------------
DROP TABLE IF EXISTS `qrtz_triggers`;
CREATE TABLE `qrtz_triggers` (
  `SCHED_NAME` varchar(120) NOT NULL,
  `TRIGGER_NAME` varchar(200) NOT NULL,
  `TRIGGER_GROUP` varchar(200) NOT NULL,
  `JOB_NAME` varchar(200) NOT NULL,
  `JOB_GROUP` varchar(200) NOT NULL,
  `DESCRIPTION` varchar(250) DEFAULT NULL,
  `NEXT_FIRE_TIME` bigint(13) DEFAULT NULL,
  `PREV_FIRE_TIME` bigint(13) DEFAULT NULL,
  `PRIORITY` int(11) DEFAULT NULL,
  `TRIGGER_STATE` varchar(16) NOT NULL,
  `TRIGGER_TYPE` varchar(8) NOT NULL,
  `START_TIME` bigint(13) NOT NULL,
  `END_TIME` bigint(13) DEFAULT NULL,
  `CALENDAR_NAME` varchar(200) DEFAULT NULL,
  `MISFIRE_INSTR` smallint(2) DEFAULT NULL,
  `JOB_DATA` blob,
  PRIMARY KEY (`SCHED_NAME`,`TRIGGER_NAME`,`TRIGGER_GROUP`),
  KEY `IDX_QRTZ_T_J` (`SCHED_NAME`,`JOB_NAME`,`JOB_GROUP`) USING BTREE,
  KEY `IDX_QRTZ_T_JG` (`SCHED_NAME`,`JOB_GROUP`) USING BTREE,
  KEY `IDX_QRTZ_T_C` (`SCHED_NAME`,`CALENDAR_NAME`) USING BTREE,
  KEY `IDX_QRTZ_T_G` (`SCHED_NAME`,`TRIGGER_GROUP`) USING BTREE,
  KEY `IDX_QRTZ_T_STATE` (`SCHED_NAME`,`TRIGGER_STATE`) USING BTREE,
  KEY `IDX_QRTZ_T_N_STATE` (`SCHED_NAME`,`TRIGGER_NAME`,`TRIGGER_GROUP`,`TRIGGER_STATE`) USING BTREE,
  KEY `IDX_QRTZ_T_N_G_STATE` (`SCHED_NAME`,`TRIGGER_GROUP`,`TRIGGER_STATE`) USING BTREE,
  KEY `IDX_QRTZ_T_NEXT_FIRE_TIME` (`SCHED_NAME`,`NEXT_FIRE_TIME`) USING BTREE,
  KEY `IDX_QRTZ_T_NFT_ST` (`SCHED_NAME`,`TRIGGER_STATE`,`NEXT_FIRE_TIME`) USING BTREE,
  KEY `IDX_QRTZ_T_NFT_MISFIRE` (`SCHED_NAME`,`MISFIRE_INSTR`,`NEXT_FIRE_TIME`) USING BTREE,
  KEY `IDX_QRTZ_T_NFT_ST_MISFIRE` (`SCHED_NAME`,`MISFIRE_INSTR`,`NEXT_FIRE_TIME`,`TRIGGER_STATE`) USING BTREE,
  KEY `IDX_QRTZ_T_NFT_ST_MISFIRE_GRP` (`SCHED_NAME`,`MISFIRE_INSTR`,`NEXT_FIRE_TIME`,`TRIGGER_GROUP`,`TRIGGER_STATE`) USING BTREE,
  CONSTRAINT `qrtz_triggers_ibfk_1` FOREIGN KEY (`SCHED_NAME`, `JOB_NAME`, `JOB_GROUP`) REFERENCES `qrtz_job_details` (`SCHED_NAME`, `JOB_NAME`, `JOB_GROUP`)
) ENGINE=InnoDB DEFAULT CHARSET=utf8;

-- ----------------------------
-- Records of qrtz_triggers
-- ----------------------------
BEGIN;
INSERT INTO `qrtz_triggers` VALUES ('UpmsScheduler', 'TASK_1110823541491785729', 'DEFAULT', 'TASK_1110823541491785729', 'DEFAULT', NULL, 1553675950000, -1, 5, 'PAUSED', 'CRON', 1553675945000, 0, NULL, 2, 0xACED0005737200156F72672E71756172747A2E4A6F62446174614D61709FB083E8BFA9B0CB020000787200266F72672E71756172747A2E7574696C732E537472696E674B65794469727479466C61674D61708208E8C3FBC55D280200015A0013616C6C6F77735472616E7369656E74446174617872001D6F72672E71756172747A2E7574696C732E4469727479466C61674D617013E62EAD28760ACE0200025A000564697274794C00036D617074000F4C6A6176612F7574696C2F4D61703B787001737200116A6176612E7574696C2E486173684D61700507DAC1C31660D103000246000A6C6F6164466163746F724900097468726573686F6C6478703F4000000000000C7708000000100000000174000D4A4F425F504152414D5F4B455973720026636F6D2E70657279652E6A6F622E656E746974792E5363686564756C654A6F62456E7469747900000000000000010200084C00086265616E4E616D657400124C6A6176612F6C616E672F537472696E673B4C000A63726561746554696D657400104C6A6176612F7574696C2F446174653B4C000E63726F6E45787072657373696F6E71007E00094C00056A6F6249647400104C6A6176612F6C616E672F4C6F6E673B4C000A6D6574686F644E616D6571007E00094C0006706172616D7371007E00094C000672656D61726B71007E00094C00067374617475737400134C6A6176612F6C616E672F496E74656765723B7870740008746573745461736B7372000E6A6176612E7574696C2E44617465686A81014B5974190300007870770800000169BE4D84287874000E2A2F3130202A202A202A202A203F7372000E6A6176612E6C616E672E4C6F6E673B8BE490CC8F23DF0200014A000576616C7565787200106A6176612E6C616E672E4E756D62657286AC951D0B94E08B02000078700F6A702026C260017400057465737433740006E58F82E695B074001BE69C89E58F82E695B0E5BC82E6ADA5E696B9E6B395E6B58BE8AF95737200116A6176612E6C616E672E496E746567657212E2A0A4F781873802000149000576616C75657871007E0013000000017800);
INSERT INTO `qrtz_triggers` VALUES ('UpmsScheduler', 'TASK_1110823799403732994', 'DEFAULT', 'TASK_1110823799403732994', 'DEFAULT', NULL, 1553676010000, -1, 5, 'PAUSED', 'CRON', 1553676006000, 0, NULL, 2, 0xACED0005737200156F72672E71756172747A2E4A6F62446174614D61709FB083E8BFA9B0CB020000787200266F72672E71756172747A2E7574696C732E537472696E674B65794469727479466C61674D61708208E8C3FBC55D280200015A0013616C6C6F77735472616E7369656E74446174617872001D6F72672E71756172747A2E7574696C732E4469727479466C61674D617013E62EAD28760ACE0200025A000564697274794C00036D617074000F4C6A6176612F7574696C2F4D61703B787001737200116A6176612E7574696C2E486173684D61700507DAC1C31660D103000246000A6C6F6164466163746F724900097468726573686F6C6478703F4000000000000C7708000000100000000174000D4A4F425F504152414D5F4B455973720026636F6D2E70657279652E6A6F622E656E746974792E5363686564756C654A6F62456E7469747900000000000000010200084C00086265616E4E616D657400124C6A6176612F6C616E672F537472696E673B4C000A63726561746554696D657400104C6A6176612F7574696C2F446174653B4C000E63726F6E45787072657373696F6E71007E00094C00056A6F6249647400104C6A6176612F6C616E672F4C6F6E673B4C000A6D6574686F644E616D6571007E00094C0006706172616D7371007E00094C000672656D61726B71007E00094C00067374617475737400134C6A6176612F6C616E672F496E74656765723B7870740008746573745461736B7372000E6A6176612E7574696C2E44617465686A81014B5974190300007870770800000169BE4E76587874000E2A2F3130202A202A202A202A203F7372000E6A6176612E6C616E672E4C6F6E673B8BE490CC8F23DF0200014A000576616C7565787200106A6176612E6C616E672E4E756D62657286AC951D0B94E08B02000078700F6A705C338260027400057465737432740000740012E697A0E58F82E6B58BE8AF95E696B9E6B395737200116A6176612E6C616E672E496E746567657212E2A0A4F781873802000149000576616C75657871007E0013000000017800);
INSERT INTO `qrtz_triggers` VALUES ('UpmsScheduler', 'TASK_1110824058062266369', 'DEFAULT', 'TASK_1110824058062266369', 'DEFAULT', NULL, 1553676070000, -1, 5, 'PAUSED', 'CRON', 1553676068000, 0, NULL, 2, 0xACED0005737200156F72672E71756172747A2E4A6F62446174614D61709FB083E8BFA9B0CB020000787200266F72672E71756172747A2E7574696C732E537472696E674B65794469727479466C61674D61708208E8C3FBC55D280200015A0013616C6C6F77735472616E7369656E74446174617872001D6F72672E71756172747A2E7574696C732E4469727479466C61674D617013E62EAD28760ACE0200025A000564697274794C00036D617074000F4C6A6176612F7574696C2F4D61703B787001737200116A6176612E7574696C2E486173684D61700507DAC1C31660D103000246000A6C6F6164466163746F724900097468726573686F6C6478703F4000000000000C7708000000100000000174000D4A4F425F504152414D5F4B455973720026636F6D2E70657279652E6A6F622E656E746974792E5363686564756C654A6F62456E7469747900000000000000010200084C00086265616E4E616D657400124C6A6176612F6C616E672F537472696E673B4C000A63726561746554696D657400104C6A6176612F7574696C2F446174653B4C000E63726F6E45787072657373696F6E71007E00094C00056A6F6249647400104C6A6176612F6C616E672F4C6F6E673B4C000A6D6574686F644E616D6571007E00094C0006706172616D7371007E00094C000672656D61726B71007E00094C00067374617475737400134C6A6176612F6C616E672F496E74656765723B7870740008746573745461736B7372000E6A6176612E7574696C2E44617465686A81014B5974190300007870770800000169BE4F64A07874000E2A2F3130202A202A202A202A203F7372000E6A6176612E6C616E672E4C6F6E673B8BE490CC8F23DF0200014A000576616C7565787200106A6176612E6C616E672E4E756D62657286AC951D0B94E08B02000078700F6A70986CC2600174000474657374740006E58F82E695B0740018E69C89E58F82E695B0E79A84E6B58BE8AF95E696B9E6B395737200116A6176612E6C616E672E496E746567657212E2A0A4F781873802000149000576616C75657871007E0013000000017800);
INSERT INTO `qrtz_triggers` VALUES ('UpmsScheduler', 'TASK_1110826946150948865', 'DEFAULT', 'TASK_1110826946150948865', 'DEFAULT', NULL, 1553676780000, 1553676770000, 5, 'PAUSED', 'CRON', 1553676756000, 0, NULL, 2, '');
COMMIT;

-- ----------------------------
-- Table structure for t_enterprise
-- ----------------------------
DROP TABLE IF EXISTS `t_enterprise`;
CREATE TABLE `t_enterprise` (
  `id` varchar(32) NOT NULL COMMENT '主键ID',
  `prefix` varchar(4) DEFAULT NULL COMMENT '企业id前缀',
  `business_license_number` varchar(255) DEFAULT NULL COMMENT '企业注册码(工商注册码-三证合一)',
  `enterprise_code` varchar(20) DEFAULT NULL COMMENT '企业编号',
  `enterprise_name` varchar(255) DEFAULT NULL COMMENT '企业名称',
  `industry_code` varchar(20) DEFAULT NULL COMMENT '所属行业',
  `area_code` varchar(20) DEFAULT NULL COMMENT '所属区域',
  `enterprise_type` tinyint(4) DEFAULT NULL COMMENT '企业类型(国企:0，民企:1，私企:2，外企:3)',
  `telephone` varchar(60) DEFAULT NULL COMMENT '企业联系电话',
  `email` varchar(255) DEFAULT NULL COMMENT '企业邮箱',
  `zip_code` varchar(255) DEFAULT NULL COMMENT '邮政编码',
  `legal_person` varchar(60) DEFAULT NULL COMMENT '法人',
  `main_person` varchar(255) DEFAULT NULL COMMENT '企业负责人姓名',
  `main_person_mobile` varchar(255) DEFAULT NULL COMMENT '企业负责人移动电话号码',
  `main_person_telephone` varchar(255) DEFAULT NULL COMMENT '企业负责人固定电话号码',
  `safe_person` varchar(255) DEFAULT NULL COMMENT '企业安全负责人姓名',
  `safe_person_mobile` varchar(255) DEFAULT NULL COMMENT '企业安全负责人移动电话号码',
  `safe_person_telephone` varchar(255) DEFAULT NULL COMMENT '企业安全负责人固定电话号码',
  `map_x` varchar(255) DEFAULT NULL COMMENT 'x坐标',
  `map_y` varchar(255) DEFAULT NULL COMMENT 'y坐标',
  `map_z` varchar(255) DEFAULT NULL COMMENT 'z坐标',
  `address` varchar(255) DEFAULT NULL COMMENT '地址',
  `is_sync` tinyint(4) DEFAULT '1' COMMENT '数据是否同步(0:是,1:否)',
  `status` tinyint(4) DEFAULT '0' COMMENT '企业状态（0-正常，1-禁用）',
  `create_time` datetime DEFAULT NULL COMMENT '记录创建时间',
  `update_time` datetime DEFAULT NULL COMMENT '记录最后修改时间',
  `create_user` varchar(20) DEFAULT NULL COMMENT '记录创建者(用户)',
  `update_user` varchar(20) DEFAULT NULL COMMENT '记录最后修改者(用户)',
  PRIMARY KEY (`id`),
  KEY `enterprise_id` (`enterprise_code`) USING BTREE
) ENGINE=InnoDB DEFAULT CHARSET=utf8 COMMENT='企业信息表';

-- ----------------------------
-- Records of t_enterprise
-- ----------------------------
BEGIN;
INSERT INTO `t_enterprise` VALUES ('1', 'cctk', '20181218', '96', '测试企业1', '85', '60', 1, '13888888888', 'tuminglong@126.com', '430071', '测试人', '测试人', '13888888888', '027-88888888', '测试人', '13888888888', '027-88888888', '100', '100', '100', '测试', 0, 0, '2018-12-18 10:56:46', '2019-03-27 16:55:09', NULL, 'admin');
COMMIT;

-- ----------------------------
-- Table structure for t_enterprise_department
-- ----------------------------
DROP TABLE IF EXISTS `t_enterprise_department`;
CREATE TABLE `t_enterprise_department` (
  `id` varchar(32) NOT NULL,
  `parent_id` varchar(32) DEFAULT NULL COMMENT '企业部门父ID',
  `enterprise_id` varchar(32) DEFAULT NULL COMMENT '企业ID(对应企业主表ID)',
  `department_code` varchar(255) DEFAULT NULL COMMENT '部门代码(可添加多个部门ID，用逗号隔开，表示该部门可以管理多个部门)',
  `department_name` varchar(100) DEFAULT NULL COMMENT '部门名称',
  `create_time` datetime DEFAULT NULL COMMENT '记录创建时间',
  `update_time` datetime DEFAULT NULL COMMENT '记录最后修改时间',
  `create_user` varchar(20) DEFAULT NULL COMMENT '记录创建者(用户)',
  `update_user` varchar(20) DEFAULT NULL COMMENT '记录最后修改者(用户)',
  `parameter1` varchar(255) DEFAULT NULL COMMENT '预留1',
  `parameter2` varchar(255) DEFAULT NULL COMMENT '预留2',
  `is_sync` tinyint(4) DEFAULT NULL COMMENT '数据是否同步(0:是,1:否)',
  PRIMARY KEY (`id`),
  KEY `enterprise_id` (`enterprise_id`) USING BTREE,
  KEY `parent_id` (`parent_id`) USING BTREE,
  CONSTRAINT `t_enterprise_department_ibfk_1` FOREIGN KEY (`enterprise_id`) REFERENCES `t_enterprise` (`id`) ON DELETE NO ACTION ON UPDATE CASCADE
) ENGINE=InnoDB DEFAULT CHARSET=utf8 COMMENT='企业部门表';

-- ----------------------------
-- Records of t_enterprise_department
-- ----------------------------
BEGIN;
INSERT INTO `t_enterprise_department` VALUES ('HDWX05d31d573a374105', 'HDWX9997b6ed32af420a', '1', '3006', '采矿分公司协力工区', '2018-10-09 14:35:05', '2018-10-09 14:35:05', 'admin', 'admin', NULL, NULL, 0);
INSERT INTO `t_enterprise_department` VALUES ('HDWX0e5b6fe512414a1c', 'HDWX9997b6ed32af420a', '1', '3008', '采矿分公司支护队', '2018-10-09 14:36:23', '2018-10-09 14:36:23', 'admin', 'admin', NULL, NULL, 0);
INSERT INTO `t_enterprise_department` VALUES ('HDWX0fb216859fd548ae', 'HDWX9997b6ed32af420a', '1', '3007', '采矿分公司检修工区', '2018-10-09 14:35:49', '2018-10-09 14:35:50', 'admin', 'admin', NULL, NULL, 0);
INSERT INTO `t_enterprise_department` VALUES ('HDWX0fce002cc5f849bf', 'HDWX7b3407a0a538479d', '1', '4005', '采矿分公司运转工区班组', '2018-10-19 15:32:23', '2018-10-19 15:32:23', 'admin', 'admin', NULL, NULL, 0);
INSERT INTO `t_enterprise_department` VALUES ('HDWX2f5c5ef772f54f9a', 'HDWX47af07c64d324c19', '1', '4003', '采矿分公司井运工区班组', '2018-10-19 15:31:24', '2018-10-19 15:31:24', 'admin', 'admin', NULL, NULL, 0);
INSERT INTO `t_enterprise_department` VALUES ('HDWX34fd73fdc8264d11', 'HDWX0e5b6fe512414a1c', '1', '4008', '采矿分公司支护队班组', '2018-10-19 15:34:09', '2018-10-19 15:34:09', 'admin', 'admin', NULL, NULL, 0);
INSERT INTO `t_enterprise_department` VALUES ('HDWX3e09d8a174c54bb8', 'HDWX3fce6df608e04571', '1', '4002', '采矿分公司西采工区班组', '2018-10-19 15:30:45', '2018-10-19 15:30:45', 'admin', 'admin', NULL, NULL, 0);
INSERT INTO `t_enterprise_department` VALUES ('HDWX3fce6df608e04571', 'HDWX9997b6ed32af420a', '1', '3002', '采矿分公司西采工区', '2018-10-09 14:28:59', '2018-10-09 14:31:40', 'admin', 'admin', NULL, NULL, 0);
INSERT INTO `t_enterprise_department` VALUES ('HDWX42a69630f8d647dd', 'HDWX05d31d573a374105', '1', '4006', '采矿分公司协力工区班组', '2018-10-19 15:33:04', '2018-10-19 15:33:04', 'admin', 'admin', NULL, NULL, 0);
INSERT INTO `t_enterprise_department` VALUES ('HDWX47af07c64d324c19', 'HDWX9997b6ed32af420a', '1', '3003', '采矿分公司井运工区', '2018-10-09 14:30:02', '2018-10-09 14:32:45', 'admin', 'admin', NULL, NULL, 0);
INSERT INTO `t_enterprise_department` VALUES ('HDWX49d0b0ab995a40c3', 'HDWXdee3eb46abec43f9', '1', '4001', '采矿分公司东采工区班组', '2018-10-19 15:29:51', '2018-10-19 15:29:51', 'admin', 'admin', NULL, NULL, 0);
INSERT INTO `t_enterprise_department` VALUES ('HDWX4e8576953a1f460a', 'HDWXb88f0f90d9694de0', '1', '1001', '测试部门', '2018-12-18 14:55:53', NULL, 'admin', NULL, '', '', 0);
INSERT INTO `t_enterprise_department` VALUES ('HDWX673e46d94e2f495e', '0', '1', '1000', '总公司', '2018-09-18 11:10:23', '2018-12-18 14:26:59', 'admin', 'admin', NULL, NULL, 1);
INSERT INTO `t_enterprise_department` VALUES ('HDWX68a4d19600854580', 'HDWXebe994e258ff4145', '1', '4004', '采矿分公司提升工区班组', '2018-10-19 15:31:57', '2018-10-19 15:31:57', 'admin', 'admin', NULL, NULL, 0);
INSERT INTO `t_enterprise_department` VALUES ('HDWX7b3407a0a538479d', 'HDWX9997b6ed32af420a', '1', '3005', '采矿分公司运转工区', '2018-10-09 14:31:02', '2018-10-09 14:32:58', 'admin', 'admin', NULL, NULL, 0);
INSERT INTO `t_enterprise_department` VALUES ('HDWX95f6b6415d084faa', 'HDWXa53d95263a8349dc', '1', '2000', '采矿分公司', '2018-08-02 14:13:52', '2018-10-09 14:27:44', 'admin', 'admin', NULL, NULL, 0);
INSERT INTO `t_enterprise_department` VALUES ('HDWX9997b6ed32af420a', 'HDWX95f6b6415d084faa', '1', '2001', '采矿分公司办公室', '2018-10-09 14:25:26', '2018-10-09 14:28:01', 'admin', 'admin', NULL, NULL, 0);
INSERT INTO `t_enterprise_department` VALUES ('HDWXa53d95263a8349dc', 'HDWX673e46d94e2f495e', '1', '1001', '总公司办公室', '2018-09-17 14:47:18', '2018-10-09 14:20:03', 'admin', 'admin', NULL, NULL, 0);
INSERT INTO `t_enterprise_department` VALUES ('HDWXb88f0f90d9694de0', 'HDWXa53d95263a8349dc', '1', '2003', '选矿分公司', '2018-08-02 14:14:22', '2018-10-09 14:22:01', 'admin', 'admin', NULL, NULL, 0);
INSERT INTO `t_enterprise_department` VALUES ('HDWXd62572962fa74081', 'HDWX0fb216859fd548ae', '1', '4007', '采矿分公司检修工区班组', '2018-10-19 15:33:42', '2018-10-19 15:33:42', 'admin', 'admin', NULL, NULL, 0);
INSERT INTO `t_enterprise_department` VALUES ('HDWXdee3eb46abec43f9', 'HDWX9997b6ed32af420a', '1', '3001', '采矿分公司东采工区', '2018-10-09 14:26:34', '2018-10-09 14:32:03', 'admin', 'admin', NULL, NULL, 0);
INSERT INTO `t_enterprise_department` VALUES ('HDWXebe994e258ff4145', 'HDWX9997b6ed32af420a', '1', '3004', '采矿分公司提升工区', '2018-10-09 14:30:29', '2018-10-09 14:33:18', 'admin', 'admin', NULL, NULL, 0);
COMMIT;

-- ----------------------------
-- Table structure for t_enterprise_job
-- ----------------------------
DROP TABLE IF EXISTS `t_enterprise_job`;
CREATE TABLE `t_enterprise_job` (
  `id` varchar(32) NOT NULL,
  `department_id` varchar(32) DEFAULT NULL COMMENT '企业部门表ID',
  `job_code` varchar(255) DEFAULT NULL COMMENT '职务代码',
  `job_name` varchar(255) DEFAULT NULL COMMENT '职务名称',
  `create_time` datetime DEFAULT NULL ON UPDATE CURRENT_TIMESTAMP COMMENT '记录创建时间',
  `update_time` datetime DEFAULT NULL ON UPDATE CURRENT_TIMESTAMP COMMENT '记录最后更新时间',
  `create_user` varchar(255) DEFAULT NULL COMMENT '记录创建用户',
  `update_user` varchar(255) DEFAULT NULL COMMENT '记录最后更新用户',
  `parameter1` varchar(255) DEFAULT NULL COMMENT '预留1',
  `parameter2` varchar(255) DEFAULT NULL COMMENT '预留2',
  `is_sync` tinyint(4) DEFAULT NULL COMMENT '是否同步（0：是，1：否）',
  PRIMARY KEY (`id`),
  KEY `job_name` (`job_name`) USING BTREE,
  KEY `job_code` (`job_code`) USING BTREE,
  KEY `department_id` (`department_id`) USING BTREE,
  CONSTRAINT `t_enterprise_job_ibfk_1` FOREIGN KEY (`department_id`) REFERENCES `t_enterprise_department` (`id`) ON DELETE CASCADE ON UPDATE CASCADE
) ENGINE=InnoDB DEFAULT CHARSET=utf8 COMMENT='企业职务配置表';

-- ----------------------------
-- Records of t_enterprise_job
-- ----------------------------
BEGIN;
INSERT INTO `t_enterprise_job` VALUES ('HDWX63c73550701448e6', 'HDWX4e8576953a1f460a', '10001', '测试工程师', '2018-12-18 17:39:36', NULL, 'admin', NULL, '', '', 0);
COMMIT;

-- ----------------------------
-- Table structure for t_schedule_job
-- ----------------------------
DROP TABLE IF EXISTS `t_schedule_job`;
CREATE TABLE `t_schedule_job` (
  `job_id` bigint(19) NOT NULL AUTO_INCREMENT COMMENT '任务id',
  `bean_name` varchar(200) DEFAULT NULL COMMENT 'spring bean名称',
  `method_name` varchar(100) DEFAULT NULL COMMENT '方法名',
  `params` varchar(2000) DEFAULT NULL COMMENT '参数',
  `cron_expression` varchar(100) DEFAULT NULL COMMENT 'cron表达式',
  `status` tinyint(4) DEFAULT NULL COMMENT '任务状态  0：正常  1：暂停',
  `remark` varchar(255) DEFAULT NULL COMMENT '备注',
  `create_time` datetime DEFAULT NULL COMMENT '创建时间',
  PRIMARY KEY (`job_id`)
) ENGINE=InnoDB AUTO_INCREMENT=1110826946150948866 DEFAULT CHARSET=utf8 COMMENT='定时任务';

-- ----------------------------
-- Records of t_schedule_job
-- ----------------------------
BEGIN;
INSERT INTO `t_schedule_job` VALUES (1110823541491785729, 'testTask', 'test3', '参数', '*/10 * * * * ?', 1, '有参数异步方法测试', '2019-03-27 16:39:05');
INSERT INTO `t_schedule_job` VALUES (1110823799403732994, 'testTask', 'test2', '', '*/10 * * * * ?', 1, '无参测试方法', '2019-03-27 16:40:07');
INSERT INTO `t_schedule_job` VALUES (1110824058062266369, 'testTask', 'test', '参数', '*/10 * * * * ?', 1, '有参数的测试方法', '2019-03-27 16:41:08');
INSERT INTO `t_schedule_job` VALUES (1110826946150948865, 'testTask', 'test4', '', '*/10 * * * * ?', 1, '1', '2019-03-27 16:52:37');
COMMIT;

-- ----------------------------
-- Table structure for t_schedule_job_log
-- ----------------------------
DROP TABLE IF EXISTS `t_schedule_job_log`;
CREATE TABLE `t_schedule_job_log` (
  `log_id` bigint(19) NOT NULL AUTO_INCREMENT COMMENT '任务日志id',
  `job_id` bigint(19) NOT NULL COMMENT '任务id',
  `bean_name` varchar(200) DEFAULT NULL COMMENT 'spring bean名称',
  `method_name` varchar(100) DEFAULT NULL COMMENT '方法名',
  `params` varchar(2000) DEFAULT NULL COMMENT '参数',
  `status` tinyint(4) NOT NULL COMMENT '任务状态    0：成功    1：失败',
  `error` varchar(2000) DEFAULT NULL COMMENT '失败信息',
  `times` int(11) NOT NULL COMMENT '耗时(单位：毫秒)',
  `create_time` datetime DEFAULT NULL COMMENT '创建时间',
  PRIMARY KEY (`log_id`),
  KEY `job_id` (`job_id`) USING BTREE
) ENGINE=InnoDB AUTO_INCREMENT=1110827001670950915 DEFAULT CHARSET=utf8 COMMENT='定时任务日志';

-- ----------------------------
-- Records of t_schedule_job_log
-- ----------------------------
BEGIN;
INSERT INTO `t_schedule_job_log` VALUES (1110820417037299713, 1086176328410615809, 'testTask', 'test2', '', 0, NULL, 18, '2019-03-27 16:26:40');
INSERT INTO `t_schedule_job_log` VALUES (1110820421130940417, 1075657352257654785, 'testTask', 'test', '参数', 0, NULL, 1025, '2019-03-27 16:26:40');
INSERT INTO `t_schedule_job_log` VALUES (1110820458619629569, 1086176328410615809, 'testTask', 'test2', '', 0, NULL, 0, '2019-03-27 16:26:50');
INSERT INTO `t_schedule_job_log` VALUES (1110820459177472001, 1086176462716424193, 'testTask', 'test3', '测试', 0, NULL, 10065, '2019-03-27 16:26:40');
INSERT INTO `t_schedule_job_log` VALUES (1110820462751019010, 1075657352257654785, 'testTask', 'test', '参数', 0, NULL, 1003, '2019-03-27 16:26:50');
INSERT INTO `t_schedule_job_log` VALUES (1110820488185278465, 1086176462716424193, 'testTask', 'test3', '测试', 0, NULL, 7032, '2019-03-27 16:26:50');
INSERT INTO `t_schedule_job_log` VALUES (1110820500575252481, 1086176328410615809, 'testTask', 'test2', '', 0, NULL, 1, '2019-03-27 16:27:00');
INSERT INTO `t_schedule_job_log` VALUES (1110820504715030530, 1075657352257654785, 'testTask', 'test', '参数', 0, NULL, 1005, '2019-03-27 16:27:00');
INSERT INTO `t_schedule_job_log` VALUES (1110820538521120770, 1086176462716424193, 'testTask', 'test3', '测试', 0, NULL, 9027, '2019-03-27 16:27:00');
INSERT INTO `t_schedule_job_log` VALUES (1110820542514098177, 1086176328410615809, 'testTask', 'test2', '', 0, NULL, 1, '2019-03-27 16:27:10');
INSERT INTO `t_schedule_job_log` VALUES (1110820546628710401, 1075657352257654785, 'testTask', 'test', '参数', 0, NULL, 1003, '2019-03-27 16:27:10');
INSERT INTO `t_schedule_job_log` VALUES (1110820584436166657, 1086176328410615809, 'testTask', 'test2', '', 0, NULL, 1, '2019-03-27 16:27:20');
INSERT INTO `t_schedule_job_log` VALUES (1110820584654270465, 1086176462716424193, 'testTask', 'test3', '测试', 0, NULL, 10034, '2019-03-27 16:27:10');
INSERT INTO `t_schedule_job_log` VALUES (1110820588601110530, 1075657352257654785, 'testTask', 'test', '参数', 0, NULL, 1006, '2019-03-27 16:27:20');
INSERT INTO `t_schedule_job_log` VALUES (1110820613980844034, 1086176462716424193, 'testTask', 'test3', '测试', 0, NULL, 7026, '2019-03-27 16:27:20');
INSERT INTO `t_schedule_job_log` VALUES (1110820626395983874, 1086176328410615809, 'testTask', 'test2', '', 0, NULL, 1, '2019-03-27 16:27:30');
INSERT INTO `t_schedule_job_log` VALUES (1110820630539956226, 1075657352257654785, 'testTask', 'test', '参数', 0, NULL, 1003, '2019-03-27 16:27:30');
INSERT INTO `t_schedule_job_log` VALUES (1110820660151742465, 1086176462716424193, 'testTask', 'test3', '测试', 0, NULL, 8026, '2019-03-27 16:27:30');
INSERT INTO `t_schedule_job_log` VALUES (1110820668318052354, 1086176328410615809, 'testTask', 'test2', '', 0, NULL, 1, '2019-03-27 16:27:40');
INSERT INTO `t_schedule_job_log` VALUES (1110820672466219009, 1075657352257654785, 'testTask', 'test', '参数', 0, NULL, 1003, '2019-03-27 16:27:40');
INSERT INTO `t_schedule_job_log` VALUES (1110820689440567298, 1086176462716424193, 'testTask', 'test3', '测试', 0, NULL, 5015, '2019-03-27 16:27:40');
INSERT INTO `t_schedule_job_log` VALUES (1110820710256898049, 1086176328410615809, 'testTask', 'test2', '', 0, NULL, 1, '2019-03-27 16:27:50');
INSERT INTO `t_schedule_job_log` VALUES (1110820714413453314, 1075657352257654785, 'testTask', 'test', '参数', 0, NULL, 1004, '2019-03-27 16:27:50');
INSERT INTO `t_schedule_job_log` VALUES (1110820748177600514, 1086176462716424193, 'testTask', 'test3', '测试', 0, NULL, 9023, '2019-03-27 16:27:50');
INSERT INTO `t_schedule_job_log` VALUES (1110820752216715266, 1086176328410615809, 'testTask', 'test2', '', 0, NULL, 1, '2019-03-27 16:28:00');
INSERT INTO `t_schedule_job_log` VALUES (1110820756373270529, 1075657352257654785, 'testTask', 'test', '参数', 0, NULL, 1005, '2019-03-27 16:28:00');
INSERT INTO `t_schedule_job_log` VALUES (1110820777529339905, 1086176462716424193, 'testTask', 'test3', '测试', 0, NULL, 6022, '2019-03-27 16:28:00');
INSERT INTO `t_schedule_job_log` VALUES (1110820794130395137, 1086176328410615809, 'testTask', 'test2', '', 0, NULL, 1, '2019-03-27 16:28:10');
INSERT INTO `t_schedule_job_log` VALUES (1110820798282756097, 1075657352257654785, 'testTask', 'test', '参数', 0, NULL, 1003, '2019-03-27 16:28:10');
INSERT INTO `t_schedule_job_log` VALUES (1110820827852599297, 1086176462716424193, 'testTask', 'test3', '测试', 0, NULL, 8027, '2019-03-27 16:28:10');
INSERT INTO `t_schedule_job_log` VALUES (1110820836077629442, 1086176328410615809, 'testTask', 'test2', '', 0, NULL, 0, '2019-03-27 16:28:20');
INSERT INTO `t_schedule_job_log` VALUES (1110820840238379010, 1075657352257654785, 'testTask', 'test', '参数', 0, NULL, 1005, '2019-03-27 16:28:20');
INSERT INTO `t_schedule_job_log` VALUES (1110820865605529601, 1086176462716424193, 'testTask', 'test3', '测试', 0, NULL, 7025, '2019-03-27 16:28:20');
INSERT INTO `t_schedule_job_log` VALUES (1110820878008086530, 1086176328410615809, 'testTask', 'test2', '', 0, NULL, 0, '2019-03-27 16:28:30');
INSERT INTO `t_schedule_job_log` VALUES (1110820882160447490, 1075657352257654785, 'testTask', 'test', '参数', 0, NULL, 1003, '2019-03-27 16:28:30');
INSERT INTO `t_schedule_job_log` VALUES (1110820911696736257, 1086176462716424193, 'testTask', 'test3', '测试', 0, NULL, 8020, '2019-03-27 16:28:30');
INSERT INTO `t_schedule_job_log` VALUES (1110820919972098049, 1086176328410615809, 'testTask', 'test2', '', 0, NULL, 1, '2019-03-27 16:28:40');
INSERT INTO `t_schedule_job_log` VALUES (1110820924132847618, 1075657352257654785, 'testTask', 'test', '参数', 0, NULL, 1004, '2019-03-27 16:28:40');
INSERT INTO `t_schedule_job_log` VALUES (1110820961902555137, 1086176328410615809, 'testTask', 'test2', '', 0, NULL, 0, '2019-03-27 16:28:50');
INSERT INTO `t_schedule_job_log` VALUES (1110820962074521602, 1086176462716424193, 'testTask', 'test3', '测试', 0, NULL, 10021, '2019-03-27 16:28:40');
INSERT INTO `t_schedule_job_log` VALUES (1110820966046527489, 1075657352257654785, 'testTask', 'test', '参数', 0, NULL, 1004, '2019-03-27 16:28:50');
INSERT INTO `t_schedule_job_log` VALUES (1110820999798091778, 1086176462716424193, 'testTask', 'test3', '测试', 0, NULL, 9022, '2019-03-27 16:28:50');
INSERT INTO `t_schedule_job_log` VALUES (1110821003845595137, 1086176328410615809, 'testTask', 'test2', '', 0, NULL, 1, '2019-03-27 16:29:00');
INSERT INTO `t_schedule_job_log` VALUES (1110821008002150402, 1075657352257654785, 'testTask', 'test', '参数', 0, NULL, 1003, '2019-03-27 16:29:00');
INSERT INTO `t_schedule_job_log` VALUES (1110821041728548865, 1086176462716424193, 'testTask', 'test3', '测试', 0, NULL, 9018, '2019-03-27 16:29:00');
INSERT INTO `t_schedule_job_log` VALUES (1110821045784440834, 1086176328410615809, 'testTask', 'test2', '', 0, NULL, 2, '2019-03-27 16:29:10');
INSERT INTO `t_schedule_job_log` VALUES (1110821049928413185, 1075657352257654785, 'testTask', 'test', '参数', 0, NULL, 1002, '2019-03-27 16:29:10');
INSERT INTO `t_schedule_job_log` VALUES (1110821083684171777, 1086176462716424193, 'testTask', 'test3', '测试', 0, NULL, 9023, '2019-03-27 16:29:10');
INSERT INTO `t_schedule_job_log` VALUES (1110821087807172610, 1086176328410615809, 'testTask', 'test2', '', 0, NULL, 1, '2019-03-27 16:29:20');
INSERT INTO `t_schedule_job_log` VALUES (1110821091913396225, 1075657352257654785, 'testTask', 'test', '参数', 0, NULL, 1004, '2019-03-27 16:29:20');
INSERT INTO `t_schedule_job_log` VALUES (1110821113149157378, 1086176462716424193, 'testTask', 'test3', '测试', 0, NULL, 6018, '2019-03-27 16:29:20');
INSERT INTO `t_schedule_job_log` VALUES (1110821129662132226, 1086176328410615809, 'testTask', 'test2', '', 0, NULL, 2, '2019-03-27 16:29:30');
INSERT INTO `t_schedule_job_log` VALUES (1110821133818687490, 1075657352257654785, 'testTask', 'test', '参数', 0, NULL, 1003, '2019-03-27 16:29:30');
INSERT INTO `t_schedule_job_log` VALUES (1110821154941202434, 1086176462716424193, 'testTask', 'test3', '测试', 0, NULL, 6014, '2019-03-27 16:29:30');
INSERT INTO `t_schedule_job_log` VALUES (1110821171609366529, 1086176328410615809, 'testTask', 'test2', '', 0, NULL, 0, '2019-03-27 16:29:40');
INSERT INTO `t_schedule_job_log` VALUES (1110821175765921793, 1075657352257654785, 'testTask', 'test', '参数', 0, NULL, 1003, '2019-03-27 16:29:40');
INSERT INTO `t_schedule_job_log` VALUES (1110821201103712258, 1086176462716424193, 'testTask', 'test3', '测试', 0, NULL, 7022, '2019-03-27 16:29:40');
INSERT INTO `t_schedule_job_log` VALUES (1110821213560795138, 1086176328410615809, 'testTask', 'test2', '', 0, NULL, 0, '2019-03-27 16:29:50');
INSERT INTO `t_schedule_job_log` VALUES (1110821217717350402, 1075657352257654785, 'testTask', 'test', '参数', 0, NULL, 1004, '2019-03-27 16:29:50');
INSERT INTO `t_schedule_job_log` VALUES (1110821255529000961, 1086176328410615809, 'testTask', 'test2', '', 0, NULL, 3, '2019-03-27 16:30:00');
INSERT INTO `t_schedule_job_log` VALUES (1110821255667412994, 1086176462716424193, 'testTask', 'test3', '测试', 0, NULL, 10025, '2019-03-27 16:29:50');
INSERT INTO `t_schedule_job_log` VALUES (1110821259672973314, 1075657352257654785, 'testTask', 'test', '参数', 0, NULL, 1006, '2019-03-27 16:30:00');
INSERT INTO `t_schedule_job_log` VALUES (1110821289217650690, 1086176462716424193, 'testTask', 'test3', '测试', 0, NULL, 8020, '2019-03-27 16:30:00');
INSERT INTO `t_schedule_job_log` VALUES (1110821297425903617, 1086176328410615809, 'testTask', 'test2', '', 0, NULL, 1, '2019-03-27 16:30:10');
INSERT INTO `t_schedule_job_log` VALUES (1110821301586653186, 1075657352257654785, 'testTask', 'test', '参数', 0, NULL, 1002, '2019-03-27 16:30:10');
INSERT INTO `t_schedule_job_log` VALUES (1110821314278617089, 1086176462716424193, 'testTask', 'test3', '测试', 0, NULL, 4010, '2019-03-27 16:30:10');
INSERT INTO `t_schedule_job_log` VALUES (1110821339385720834, 1086176328410615809, 'testTask', 'test2', '', 0, NULL, 1, '2019-03-27 16:30:20');
INSERT INTO `t_schedule_job_log` VALUES (1110821343554859009, 1075657352257654785, 'testTask', 'test', '参数', 0, NULL, 1004, '2019-03-27 16:30:20');
INSERT INTO `t_schedule_job_log` VALUES (1110821381311983617, 1086176328410615809, 'testTask', 'test2', '', 0, NULL, 1, '2019-03-27 16:30:30');
INSERT INTO `t_schedule_job_log` VALUES (1110821381504921602, 1086176462716424193, 'testTask', 'test3', '测试', 0, NULL, 10031, '2019-03-27 16:30:20');
INSERT INTO `t_schedule_job_log` VALUES (1110821385455955969, 1075657352257654785, 'testTask', 'test', '参数', 0, NULL, 1002, '2019-03-27 16:30:30');
INSERT INTO `t_schedule_job_log` VALUES (1110821410793746433, 1086176462716424193, 'testTask', 'test3', '测试', 0, NULL, 7017, '2019-03-27 16:30:30');
INSERT INTO `t_schedule_job_log` VALUES (1110821423255023617, 1086176328410615809, 'testTask', 'test2', '', 0, NULL, 1, '2019-03-27 16:30:40');
INSERT INTO `t_schedule_job_log` VALUES (1110821427403190273, 1075657352257654785, 'testTask', 'test', '参数', 0, NULL, 1000, '2019-03-27 16:30:40');
INSERT INTO `t_schedule_job_log` VALUES (1110821452745175042, 1086176462716424193, 'testTask', 'test3', '测试', 0, NULL, 7020, '2019-03-27 16:30:40');
INSERT INTO `t_schedule_job_log` VALUES (1110821465198063617, 1086176328410615809, 'testTask', 'test2', '', 0, NULL, 1, '2019-03-27 16:30:50');
INSERT INTO `t_schedule_job_log` VALUES (1110821469358813185, 1075657352257654785, 'testTask', 'test', '参数', 0, NULL, 1004, '2019-03-27 16:30:50');
INSERT INTO `t_schedule_job_log` VALUES (1110821494704992257, 1086176462716424193, 'testTask', 'test3', '测试', 0, NULL, 7022, '2019-03-27 16:30:50');
INSERT INTO `t_schedule_job_log` VALUES (1110821507174658049, 1086176328410615809, 'testTask', 'test2', '', 0, NULL, 2, '2019-03-27 16:31:00');
INSERT INTO `t_schedule_job_log` VALUES (1110821511318630402, 1075657352257654785, 'testTask', 'test', '参数', 0, NULL, 1004, '2019-03-27 16:31:00');
INSERT INTO `t_schedule_job_log` VALUES (1110821528238452738, 1086176462716424193, 'testTask', 'test3', '测试', 0, NULL, 5011, '2019-03-27 16:31:00');
INSERT INTO `t_schedule_job_log` VALUES (1110821549134475266, 1086176328410615809, 'testTask', 'test2', '', 0, NULL, 1, '2019-03-27 16:31:10');
INSERT INTO `t_schedule_job_log` VALUES (1110821553270059010, 1075657352257654785, 'testTask', 'test', '参数', 0, NULL, 1004, '2019-03-27 16:31:10');
INSERT INTO `t_schedule_job_log` VALUES (1110821587071954946, 1086176462716424193, 'testTask', 'test3', '测试', 0, NULL, 9031, '2019-03-27 16:31:10');
INSERT INTO `t_schedule_job_log` VALUES (1110821591094292482, 1086176328410615809, 'testTask', 'test2', '', 0, NULL, 0, '2019-03-27 16:31:20');
INSERT INTO `t_schedule_job_log` VALUES (1110821595208904706, 1075657352257654785, 'testTask', 'test', '参数', 0, NULL, 1005, '2019-03-27 16:31:20');
INSERT INTO `t_schedule_job_log` VALUES (1110821612200030210, 1086176462716424193, 'testTask', 'test3', '测试', 0, NULL, 5018, '2019-03-27 16:31:20');
INSERT INTO `t_schedule_job_log` VALUES (1110821633003778049, 1086176328410615809, 'testTask', 'test2', '', 0, NULL, 1, '2019-03-27 16:31:30');
INSERT INTO `t_schedule_job_log` VALUES (1110821637164527618, 1075657352257654785, 'testTask', 'test', '参数', 0, NULL, 1005, '2019-03-27 16:31:30');
INSERT INTO `t_schedule_job_log` VALUES (1110821670899314689, 1086176462716424193, 'testTask', 'test3', '测试', 0, NULL, 9022, '2019-03-27 16:31:30');
INSERT INTO `t_schedule_job_log` VALUES (1110821674909069313, 1086176328410615809, 'testTask', 'test2', '', 0, NULL, 0, '2019-03-27 16:31:40');
INSERT INTO `t_schedule_job_log` VALUES (1110821679086596098, 1075657352257654785, 'testTask', 'test', '参数', 0, NULL, 1005, '2019-03-27 16:31:40');
INSERT INTO `t_schedule_job_log` VALUES (1110821704407609345, 1086176462716424193, 'testTask', 'test3', '测试', 0, NULL, 7021, '2019-03-27 16:31:40');
INSERT INTO `t_schedule_job_log` VALUES (1110821716881469441, 1086176328410615809, 'testTask', 'test2', '', 0, NULL, 0, '2019-03-27 16:31:50');
INSERT INTO `t_schedule_job_log` VALUES (1110821721033830402, 1075657352257654785, 'testTask', 'test', '参数', 0, NULL, 1002, '2019-03-27 16:31:50');
INSERT INTO `t_schedule_job_log` VALUES (1110821754785394689, 1086176462716424193, 'testTask', 'test3', '测试', 0, NULL, 9023, '2019-03-27 16:31:50');
INSERT INTO `t_schedule_job_log` VALUES (1110821758828703746, 1086176328410615809, 'testTask', 'test2', '', 0, NULL, 1, '2019-03-27 16:32:00');
INSERT INTO `t_schedule_job_log` VALUES (1110821763002036226, 1075657352257654785, 'testTask', 'test', '参数', 0, NULL, 1005, '2019-03-27 16:32:00');
INSERT INTO `t_schedule_job_log` VALUES (1110821800763355137, 1086176328410615809, 'testTask', 'test2', '', 0, NULL, 0, '2019-03-27 16:32:10');
INSERT INTO `t_schedule_job_log` VALUES (1110821800922738689, 1086176462716424193, 'testTask', 'test3', '测试', 0, NULL, 10024, '2019-03-27 16:32:00');
INSERT INTO `t_schedule_job_log` VALUES (1110821804919910402, 1075657352257654785, 'testTask', 'test', '参数', 0, NULL, 1003, '2019-03-27 16:32:10');
INSERT INTO `t_schedule_job_log` VALUES (1110821834426839042, 1086176462716424193, 'testTask', 'test3', '测试', 0, NULL, 8014, '2019-03-27 16:32:10');
INSERT INTO `t_schedule_job_log` VALUES (1110821842714783745, 1086176328410615809, 'testTask', 'test2', '', 0, NULL, 1, '2019-03-27 16:32:20');
INSERT INTO `t_schedule_job_log` VALUES (1110821846867144706, 1075657352257654785, 'testTask', 'test', '参数', 0, NULL, 1002, '2019-03-27 16:32:20');
INSERT INTO `t_schedule_job_log` VALUES (1110821876424404994, 1086176462716424193, 'testTask', 'test3', '测试', 0, NULL, 8024, '2019-03-27 16:32:20');
INSERT INTO `t_schedule_job_log` VALUES (1110821884624269314, 1086176328410615809, 'testTask', 'test2', '', 0, NULL, 1, '2019-03-27 16:32:30');
INSERT INTO `t_schedule_job_log` VALUES (1110821888801796097, 1075657352257654785, 'testTask', 'test', '参数', 0, NULL, 1006, '2019-03-27 16:32:30');
INSERT INTO `t_schedule_job_log` VALUES (1110821918346473474, 1086176462716424193, 'testTask', 'test3', '测试', 0, NULL, 8028, '2019-03-27 16:32:30');
INSERT INTO `t_schedule_job_log` VALUES (1110821926588280833, 1086176328410615809, 'testTask', 'test2', '', 0, NULL, 1, '2019-03-27 16:32:40');
INSERT INTO `t_schedule_job_log` VALUES (1110821930757419010, 1075657352257654785, 'testTask', 'test', '参数', 0, NULL, 1005, '2019-03-27 16:32:40');
INSERT INTO `t_schedule_job_log` VALUES (1110821951892516865, 1086176462716424193, 'testTask', 'test3', '测试', 0, NULL, 6016, '2019-03-27 16:32:40');
INSERT INTO `t_schedule_job_log` VALUES (1110821968514543617, 1086176328410615809, 'testTask', 'test2', '', 0, NULL, 1, '2019-03-27 16:32:50');
INSERT INTO `t_schedule_job_log` VALUES (1110821972683681794, 1075657352257654785, 'testTask', 'test', '参数', 0, NULL, 1004, '2019-03-27 16:32:50');
INSERT INTO `t_schedule_job_log` VALUES (1110821998063415298, 1086176462716424193, 'testTask', 'test3', '测试', 0, NULL, 7031, '2019-03-27 16:32:50');
INSERT INTO `t_schedule_job_log` VALUES (1110822807601831938, 1110822786026332162, 'testTask', 'test4', '', 0, NULL, 28, '2019-03-27 16:36:10');
INSERT INTO `t_schedule_job_log` VALUES (1110822849301602305, 1110822786026332162, 'testTask', 'test4', '', 0, NULL, 1, '2019-03-27 16:36:20');
INSERT INTO `t_schedule_job_log` VALUES (1110822891274002434, 1110822786026332162, 'testTask', 'test4', '', 0, NULL, 1, '2019-03-27 16:36:30');
INSERT INTO `t_schedule_job_log` VALUES (1110823562354253825, 1110823541491785729, 'testTask', 'test3', '', 1, 'java.lang.NoSuchMethodException: com.perye.job.task.TestTask.test3()', 6, '2019-03-27 16:39:10');
INSERT INTO `t_schedule_job_log` VALUES (1110823627307245570, 1110823541491785729, 'testTask', 'test3', '参数', 0, NULL, 7040, '2019-03-27 16:39:18');
INSERT INTO `t_schedule_job_log` VALUES (1110823646437466114, 1110823541491785729, 'testTask', 'test3', '参数', 0, NULL, 10033, '2019-03-27 16:39:20');
INSERT INTO `t_schedule_job_log` VALUES (1110823667245408257, 1110823541491785729, 'testTask', 'test3', '参数', 0, NULL, 5016, '2019-03-27 16:39:30');
INSERT INTO `t_schedule_job_log` VALUES (1110823730269020162, 1110823541491785729, 'testTask', 'test3', '参数', 0, NULL, 10037, '2019-03-27 16:39:40');
INSERT INTO `t_schedule_job_log` VALUES (1110823763768926210, 1110823541491785729, 'testTask', 'test3', '参数', 0, NULL, 8028, '2019-03-27 16:39:50');
INSERT INTO `t_schedule_job_log` VALUES (1110823809990156289, 1110823541491785729, 'testTask', 'test3', '参数', 0, NULL, 9039, '2019-03-27 16:40:00');
INSERT INTO `t_schedule_job_log` VALUES (1110823814025076737, 1110823799403732994, 'testTask', 'test2', '', 0, NULL, 1, '2019-03-27 16:40:10');
INSERT INTO `t_schedule_job_log` VALUES (1110823847642423297, 1110823541491785729, 'testTask', 'test3', '参数', 0, NULL, 8028, '2019-03-27 16:40:10');
INSERT INTO `t_schedule_job_log` VALUES (1110823855997476865, 1110823799403732994, 'testTask', 'test2', '', 0, NULL, 2, '2019-03-27 16:40:20');
INSERT INTO `t_schedule_job_log` VALUES (1110823889619017729, 1110823541491785729, 'testTask', 'test3', '参数', 0, NULL, 8033, '2019-03-27 16:40:20');
INSERT INTO `t_schedule_job_log` VALUES (1110823897915351041, 1110823799403732994, 'testTask', 'test2', '', 0, NULL, 0, '2019-03-27 16:40:30');
INSERT INTO `t_schedule_job_log` VALUES (1110823935735390209, 1110823541491785729, 'testTask', 'test3', '参数', 0, NULL, 9032, '2019-03-27 16:40:30');
INSERT INTO `t_schedule_job_log` VALUES (1110823939933888514, 1110823799403732994, 'testTask', 'test2', '', 0, NULL, 1, '2019-03-27 16:40:40');
INSERT INTO `t_schedule_job_log` VALUES (1110823977770704898, 1110823541491785729, 'testTask', 'test3', '参数', 0, NULL, 9039, '2019-03-27 16:40:40');
INSERT INTO `t_schedule_job_log` VALUES (1110823981793042434, 1110823799403732994, 'testTask', 'test2', '', 0, NULL, 1, '2019-03-27 16:40:50');
INSERT INTO `t_schedule_job_log` VALUES (1110824023736082434, 1110823799403732994, 'testTask', 'test2', '', 0, NULL, 0, '2019-03-27 16:41:00');
INSERT INTO `t_schedule_job_log` VALUES (1110824023815774210, 1110823541491785729, 'testTask', 'test3', '参数', 0, NULL, 10030, '2019-03-27 16:40:50');
INSERT INTO `t_schedule_job_log` VALUES (1110824065771397122, 1110823799403732994, 'testTask', 'test2', '', 0, NULL, 1, '2019-03-27 16:41:10');
INSERT INTO `t_schedule_job_log` VALUES (1110824065788174337, 1110823541491785729, 'testTask', 'test3', '参数', 0, NULL, 10036, '2019-03-27 16:41:00');
INSERT INTO `t_schedule_job_log` VALUES (1110824070120890369, 1110824058062266369, 'testTask', 'test', '参数', 0, NULL, 1004, '2019-03-27 16:41:10');
INSERT INTO `t_schedule_job_log` VALUES (1110824103549493250, 1110823541491785729, 'testTask', 'test3', '参数', 0, NULL, 9034, '2019-03-27 16:41:10');
INSERT INTO `t_schedule_job_log` VALUES (1110824107647328257, 1110823799403732994, 'testTask', 'test2', '', 0, NULL, 1, '2019-03-27 16:41:20');
INSERT INTO `t_schedule_job_log` VALUES (1110824111929712642, 1110824058062266369, 'testTask', 'test', '参数', 0, NULL, 1005, '2019-03-27 16:41:20');
INSERT INTO `t_schedule_job_log` VALUES (1110824149577785346, 1110823799403732994, 'testTask', 'test2', '', 0, NULL, 0, '2019-03-27 16:41:30');
INSERT INTO `t_schedule_job_log` VALUES (1110824149699420161, 1110823541491785729, 'testTask', 'test3', '参数', 0, NULL, 10041, '2019-03-27 16:41:20');
INSERT INTO `t_schedule_job_log` VALUES (1110824153843392514, 1110824058062266369, 'testTask', 'test', '参数', 0, NULL, 1006, '2019-03-27 16:41:30');
INSERT INTO `t_schedule_job_log` VALUES (1110824191558574082, 1110823799403732994, 'testTask', 'test2', '', 0, NULL, 1, '2019-03-27 16:41:40');
INSERT INTO `t_schedule_job_log` VALUES (1110824191596322817, 1110823541491785729, 'testTask', 'test3', '参数', 0, NULL, 10029, '2019-03-27 16:41:30');
INSERT INTO `t_schedule_job_log` VALUES (1110824195908067330, 1110824058062266369, 'testTask', 'test', '参数', 0, NULL, 1014, '2019-03-27 16:41:40');
INSERT INTO `t_schedule_job_log` VALUES (1110824212555259905, 1110823541491785729, 'testTask', 'test3', '参数', 0, NULL, 5020, '2019-03-27 16:41:40');
INSERT INTO `t_schedule_job_log` VALUES (1110824233455476738, 1110823799403732994, 'testTask', 'test2', '', 0, NULL, 1, '2019-03-27 16:41:50');
INSERT INTO `t_schedule_job_log` VALUES (1110824237716889601, 1110824058062266369, 'testTask', 'test', '参数', 0, NULL, 1005, '2019-03-27 16:41:50');
INSERT INTO `t_schedule_job_log` VALUES (1110824271313264641, 1110823541491785729, 'testTask', 'test3', '参数', 0, NULL, 9038, '2019-03-27 16:41:50');
INSERT INTO `t_schedule_job_log` VALUES (1110824275390128129, 1110823799403732994, 'testTask', 'test2', '', 0, NULL, 1, '2019-03-27 16:42:00');
INSERT INTO `t_schedule_job_log` VALUES (1110824279659929601, 1110824058062266369, 'testTask', 'test', '参数', 0, NULL, 1005, '2019-03-27 16:42:00');
INSERT INTO `t_schedule_job_log` VALUES (1110824313218555906, 1110823541491785729, 'testTask', 'test3', '参数', 0, NULL, 9031, '2019-03-27 16:42:00');
INSERT INTO `t_schedule_job_log` VALUES (1110824317324779521, 1110823799403732994, 'testTask', 'test2', '', 0, NULL, 1, '2019-03-27 16:42:10');
INSERT INTO `t_schedule_job_log` VALUES (1110824321598775297, 1110824058062266369, 'testTask', 'test', '参数', 0, NULL, 1003, '2019-03-27 16:42:10');
INSERT INTO `t_schedule_job_log` VALUES (1110824338321465346, 1110823541491785729, 'testTask', 'test3', '参数', 0, NULL, 5018, '2019-03-27 16:42:10');
INSERT INTO `t_schedule_job_log` VALUES (1110824359280402433, 1110823799403732994, 'testTask', 'test2', '', 0, NULL, 1, '2019-03-27 16:42:20');
INSERT INTO `t_schedule_job_log` VALUES (1110824363562786818, 1110824058062266369, 'testTask', 'test', '参数', 0, NULL, 1006, '2019-03-27 16:42:20');
INSERT INTO `t_schedule_job_log` VALUES (1110824397071081473, 1110823541491785729, 'testTask', 'test3', '参数', 0, NULL, 9022, '2019-03-27 16:42:20');
INSERT INTO `t_schedule_job_log` VALUES (1110824401248608258, 1110823799403732994, 'testTask', 'test2', '', 0, NULL, 0, '2019-03-27 16:42:30');
INSERT INTO `t_schedule_job_log` VALUES (1110824405526798337, 1110824058062266369, 'testTask', 'test', '参数', 0, NULL, 1005, '2019-03-27 16:42:30');
INSERT INTO `t_schedule_job_log` VALUES (1110824443187453954, 1110823799403732994, 'testTask', 'test2', '', 0, NULL, 1, '2019-03-27 16:42:40');
INSERT INTO `t_schedule_job_log` VALUES (1110824443321671681, 1110823541491785729, 'testTask', 'test3', '参数', 0, NULL, 10044, '2019-03-27 16:42:30');
INSERT INTO `t_schedule_job_log` VALUES (1110824447469838337, 1110824058062266369, 'testTask', 'test', '参数', 0, NULL, 1005, '2019-03-27 16:42:40');
INSERT INTO `t_schedule_job_log` VALUES (1110824480999104514, 1110823541491785729, 'testTask', 'test3', '参数', 0, NULL, 9029, '2019-03-27 16:42:40');
INSERT INTO `t_schedule_job_log` VALUES (1110824485113716738, 1110823799403732994, 'testTask', 'test2', '', 0, NULL, 0, '2019-03-27 16:42:50');
INSERT INTO `t_schedule_job_log` VALUES (1110824489383518210, 1110824058062266369, 'testTask', 'test', '参数', 0, NULL, 1005, '2019-03-27 16:42:50');
INSERT INTO `t_schedule_job_log` VALUES (1110824518752034817, 1110823541491785729, 'testTask', 'test3', '参数', 0, NULL, 8032, '2019-03-27 16:42:50');
INSERT INTO `t_schedule_job_log` VALUES (1110824527060951042, 1110823799403732994, 'testTask', 'test2', '', 0, NULL, 1, '2019-03-27 16:43:00');
INSERT INTO `t_schedule_job_log` VALUES (1110824531326558209, 1110824058062266369, 'testTask', 'test', '参数', 0, NULL, 1006, '2019-03-27 16:43:00');
INSERT INTO `t_schedule_job_log` VALUES (1110824543859138562, 1110823541491785729, 'testTask', 'test3', '参数', 0, NULL, 4015, '2019-03-27 16:43:00');
INSERT INTO `t_schedule_job_log` VALUES (1110824569012379649, 1110823799403732994, 'testTask', 'test2', '', 0, NULL, 0, '2019-03-27 16:43:10');
INSERT INTO `t_schedule_job_log` VALUES (1110824573294764033, 1110824058062266369, 'testTask', 'test', '参数', 0, NULL, 1005, '2019-03-27 16:43:10');
INSERT INTO `t_schedule_job_log` VALUES (1110824602600366082, 1110823541491785729, 'testTask', 'test3', '参数', 0, NULL, 8021, '2019-03-27 16:43:10');
INSERT INTO `t_schedule_job_log` VALUES (1110824610963808258, 1110823799403732994, 'testTask', 'test2', '', 0, NULL, 0, '2019-03-27 16:43:20');
INSERT INTO `t_schedule_job_log` VALUES (1110824616114413570, 1110824058062266369, 'testTask', 'test', '参数', 0, NULL, 1216, '2019-03-27 16:43:20');
INSERT INTO `t_schedule_job_log` VALUES (1110824652898459650, 1110823799403732994, 'testTask', 'test2', '', 0, NULL, 1, '2019-03-27 16:43:30');
INSERT INTO `t_schedule_job_log` VALUES (1110824653003317249, 1110823541491785729, 'testTask', 'test3', '参数', 0, NULL, 10037, '2019-03-27 16:43:20');
INSERT INTO `t_schedule_job_log` VALUES (1110824657164066818, 1110824058062266369, 'testTask', 'test', '参数', 0, NULL, 1004, '2019-03-27 16:43:30');
INSERT INTO `t_schedule_job_log` VALUES (1110824690714304514, 1110823541491785729, 'testTask', 'test3', '参数', 0, NULL, 9028, '2019-03-27 16:43:30');
INSERT INTO `t_schedule_job_log` VALUES (1110824694820528129, 1110823799403732994, 'testTask', 'test2', '', 0, NULL, 1, '2019-03-27 16:43:40');
INSERT INTO `t_schedule_job_log` VALUES (1110824699073552385, 1110824058062266369, 'testTask', 'test', '参数', 0, NULL, 1002, '2019-03-27 16:43:40');
INSERT INTO `t_schedule_job_log` VALUES (1110824715821408257, 1110823541491785729, 'testTask', 'test3', '参数', 0, NULL, 5017, '2019-03-27 16:43:40');
INSERT INTO `t_schedule_job_log` VALUES (1110824736750985217, 1110823799403732994, 'testTask', 'test2', '', 0, NULL, 0, '2019-03-27 16:43:50');
INSERT INTO `t_schedule_job_log` VALUES (1110824741008203778, 1110824058062266369, 'testTask', 'test', '参数', 0, NULL, 1003, '2019-03-27 16:43:50');
INSERT INTO `t_schedule_job_log` VALUES (1110824770389303297, 1110823541491785729, 'testTask', 'test3', '参数', 0, NULL, 8031, '2019-03-27 16:43:50');
INSERT INTO `t_schedule_job_log` VALUES (1110824778761134081, 1110823799403732994, 'testTask', 'test2', '', 0, NULL, 1, '2019-03-27 16:44:00');
INSERT INTO `t_schedule_job_log` VALUES (1110824783018352641, 1110824058062266369, 'testTask', 'test', '参数', 0, NULL, 1005, '2019-03-27 16:44:00');
INSERT INTO `t_schedule_job_log` VALUES (1110824812332343298, 1110823541491785729, 'testTask', 'test3', '参数', 0, NULL, 8021, '2019-03-27 16:44:00');
INSERT INTO `t_schedule_job_log` VALUES (1110824820637065217, 1110823799403732994, 'testTask', 'test2', '', 0, NULL, 0, '2019-03-27 16:44:10');
INSERT INTO `t_schedule_job_log` VALUES (1110824824902672385, 1110824058062266369, 'testTask', 'test', '参数', 0, NULL, 1002, '2019-03-27 16:44:10');
INSERT INTO `t_schedule_job_log` VALUES (1110824858457104385, 1110823541491785729, 'testTask', 'test3', '参数', 0, NULL, 9030, '2019-03-27 16:44:10');
INSERT INTO `t_schedule_job_log` VALUES (1110824862601076738, 1110823799403732994, 'testTask', 'test2', '', 0, NULL, 0, '2019-03-27 16:44:20');
INSERT INTO `t_schedule_job_log` VALUES (1110824866870878209, 1110824058062266369, 'testTask', 'test', '参数', 0, NULL, 1006, '2019-03-27 16:44:20');
INSERT INTO `t_schedule_job_log` VALUES (1110824887775289346, 1110823541491785729, 'testTask', 'test3', '参数', 0, NULL, 6013, '2019-03-27 16:44:20');
INSERT INTO `t_schedule_job_log` VALUES (1110824904548311042, 1110823799403732994, 'testTask', 'test2', '', 0, NULL, 0, '2019-03-27 16:44:30');
INSERT INTO `t_schedule_job_log` VALUES (1110824908826501122, 1110824058062266369, 'testTask', 'test', '参数', 0, NULL, 1006, '2019-03-27 16:44:30');
INSERT INTO `t_schedule_job_log` VALUES (1110824933946187778, 1110823541491785729, 'testTask', 'test3', '参数', 0, NULL, 7020, '2019-03-27 16:44:30');
INSERT INTO `t_schedule_job_log` VALUES (1110824946503933954, 1110823799403732994, 'testTask', 'test2', '', 0, NULL, 0, '2019-03-27 16:44:40');
INSERT INTO `t_schedule_job_log` VALUES (1110824950782124033, 1110824058062266369, 'testTask', 'test', '参数', 0, NULL, 1005, '2019-03-27 16:44:40');
INSERT INTO `t_schedule_job_log` VALUES (1110824971707506689, 1110823541491785729, 'testTask', 'test3', '参数', 0, NULL, 6024, '2019-03-27 16:44:40');
INSERT INTO `t_schedule_job_log` VALUES (1110824988681854977, 1110823799403732994, 'testTask', 'test2', '', 0, NULL, 19, '2019-03-27 16:44:50');
INSERT INTO `t_schedule_job_log` VALUES (1110824993165565954, 1110824058062266369, 'testTask', 'test', '参数', 0, NULL, 1005, '2019-03-27 16:44:50');
INSERT INTO `t_schedule_job_log` VALUES (1110825030415179778, 1110823799403732994, 'testTask', 'test2', '', 0, NULL, 0, '2019-03-27 16:45:00');
INSERT INTO `t_schedule_job_log` VALUES (1110825030490677250, 1110823541491785729, 'testTask', 'test3', '参数', 0, NULL, 10037, '2019-03-27 16:44:50');
INSERT INTO `t_schedule_job_log` VALUES (1110825034693369858, 1110824058062266369, 'testTask', 'test', '参数', 0, NULL, 1008, '2019-03-27 16:45:00');
INSERT INTO `t_schedule_job_log` VALUES (1110825059829833730, 1110823541491785729, 'testTask', 'test3', '参数', 0, NULL, 7028, '2019-03-27 16:45:00');
INSERT INTO `t_schedule_job_log` VALUES (1110825072341442561, 1110823799403732994, 'testTask', 'test2', '', 0, NULL, 0, '2019-03-27 16:45:10');
INSERT INTO `t_schedule_job_log` VALUES (1110825076615438338, 1110824058062266369, 'testTask', 'test', '参数', 0, NULL, 1003, '2019-03-27 16:45:10');
INSERT INTO `t_schedule_job_log` VALUES (1110825101726736385, 1110823541491785729, 'testTask', 'test3', '参数', 0, NULL, 7013, '2019-03-27 16:45:10');
INSERT INTO `t_schedule_job_log` VALUES (1110825114250928130, 1110823799403732994, 'testTask', 'test2', '', 0, NULL, 0, '2019-03-27 16:45:20');
INSERT INTO `t_schedule_job_log` VALUES (1110825118508146690, 1110824058062266369, 'testTask', 'test', '参数', 0, NULL, 1002, '2019-03-27 16:45:20');
INSERT INTO `t_schedule_job_log` VALUES (1110825135226642434, 1110823541491785729, 'testTask', 'test3', '参数', 0, NULL, 5012, '2019-03-27 16:45:20');
INSERT INTO `t_schedule_job_log` VALUES (1110825156189773825, 1110823799403732994, 'testTask', 'test2', '', 0, NULL, 0, '2019-03-27 16:45:30');
INSERT INTO `t_schedule_job_log` VALUES (1110825160434409473, 1110824058062266369, 'testTask', 'test', '参数', 0, NULL, 1002, '2019-03-27 16:45:30');
INSERT INTO `t_schedule_job_log` VALUES (1110825193976258561, 1110823541491785729, 'testTask', 'test3', '参数', 0, NULL, 9021, '2019-03-27 16:45:30');
INSERT INTO `t_schedule_job_log` VALUES (1110825198141202434, 1110823799403732994, 'testTask', 'test2', '', 0, NULL, 1, '2019-03-27 16:45:40');
INSERT INTO `t_schedule_job_log` VALUES (1110825202431975425, 1110824058062266369, 'testTask', 'test', '参数', 0, NULL, 1001, '2019-03-27 16:45:40');
INSERT INTO `t_schedule_job_log` VALUES (1110825235940270081, 1110823541491785729, 'testTask', 'test3', '参数', 0, NULL, 9031, '2019-03-27 16:45:40');
INSERT INTO `t_schedule_job_log` VALUES (1110825240084242433, 1110823799403732994, 'testTask', 'test2', '', 0, NULL, 1, '2019-03-27 16:45:50');
INSERT INTO `t_schedule_job_log` VALUES (1110825244358238210, 1110824058062266369, 'testTask', 'test', '参数', 0, NULL, 1005, '2019-03-27 16:45:50');
INSERT INTO `t_schedule_job_log` VALUES (1110825269532450817, 1110823541491785729, 'testTask', 'test3', '参数', 0, NULL, 7033, '2019-03-27 16:45:50');
INSERT INTO `t_schedule_job_log` VALUES (1110825282052448258, 1110823799403732994, 'testTask', 'test2', '', 0, NULL, 1, '2019-03-27 16:46:00');
INSERT INTO `t_schedule_job_log` VALUES (1110825286313861122, 1110824058062266369, 'testTask', 'test', '参数', 0, NULL, 1005, '2019-03-27 16:46:00');
INSERT INTO `t_schedule_job_log` VALUES (1110825319901847554, 1110823541491785729, 'testTask', 'test3', '参数', 0, NULL, 9037, '2019-03-27 16:46:00');
INSERT INTO `t_schedule_job_log` VALUES (1110825324045819905, 1110823799403732994, 'testTask', 'test2', '', 0, NULL, 1, '2019-03-27 16:46:10');
INSERT INTO `t_schedule_job_log` VALUES (1110825328319815682, 1110824058062266369, 'testTask', 'test', '参数', 0, NULL, 1003, '2019-03-27 16:46:10');
INSERT INTO `t_schedule_job_log` VALUES (1110825361840693250, 1110823541491785729, 'testTask', 'test3', '参数', 0, NULL, 9031, '2019-03-27 16:46:10');
INSERT INTO `t_schedule_job_log` VALUES (1110825366014025730, 1110823799403732994, 'testTask', 'test2', '', 0, NULL, 0, '2019-03-27 16:46:20');
INSERT INTO `t_schedule_job_log` VALUES (1110825370317381634, 1110824058062266369, 'testTask', 'test', '参数', 0, NULL, 1003, '2019-03-27 16:46:20');
INSERT INTO `t_schedule_job_log` VALUES (1110825399581040642, 1110823541491785729, 'testTask', 'test3', '参数', 0, NULL, 8032, '2019-03-27 16:46:20');
INSERT INTO `t_schedule_job_log` VALUES (1110825407927705602, 1110823799403732994, 'testTask', 'test2', '', 0, NULL, 3, '2019-03-27 16:46:30');
INSERT INTO `t_schedule_job_log` VALUES (1110825412243644417, 1110824058062266369, 'testTask', 'test', '参数', 0, NULL, 1004, '2019-03-27 16:46:30');
INSERT INTO `t_schedule_job_log` VALUES (1110825449782665218, 1110823799403732994, 'testTask', 'test2', '', 0, NULL, 1, '2019-03-27 16:46:40');
INSERT INTO `t_schedule_job_log` VALUES (1110825449933660162, 1110823541491785729, 'testTask', 'test3', '参数', 0, NULL, 10038, '2019-03-27 16:46:30');
INSERT INTO `t_schedule_job_log` VALUES (1110825454044078082, 1110824058062266369, 'testTask', 'test', '参数', 0, NULL, 1005, '2019-03-27 16:46:40');
INSERT INTO `t_schedule_job_log` VALUES (1110825479201513474, 1110823541491785729, 'testTask', 'test3', '参数', 0, NULL, 7026, '2019-03-27 16:46:40');
INSERT INTO `t_schedule_job_log` VALUES (1110825491893477377, 1110823799403732994, 'testTask', 'test2', '', 0, NULL, 1, '2019-03-27 16:46:50');
INSERT INTO `t_schedule_job_log` VALUES (1110825496159084545, 1110824058062266369, 'testTask', 'test', '参数', 0, NULL, 1001, '2019-03-27 16:46:50');
INSERT INTO `t_schedule_job_log` VALUES (1110825525485658114, 1110823541491785729, 'testTask', 'test3', '参数', 0, NULL, 8030, '2019-03-27 16:46:50');
INSERT INTO `t_schedule_job_log` VALUES (1110825533727465473, 1110823799403732994, 'testTask', 'test2', '', 0, NULL, 1, '2019-03-27 16:47:00');
INSERT INTO `t_schedule_job_log` VALUES (1110825538005655553, 1110824058062266369, 'testTask', 'test', '参数', 0, NULL, 1006, '2019-03-27 16:47:00');
INSERT INTO `t_schedule_job_log` VALUES (1110825571547504642, 1110823541491785729, 'testTask', 'test3', '参数', 0, NULL, 9031, '2019-03-27 16:47:00');
INSERT INTO `t_schedule_job_log` VALUES (1110825575636951041, 1110823799403732994, 'testTask', 'test2', '', 0, NULL, 1, '2019-03-27 16:47:10');
INSERT INTO `t_schedule_job_log` VALUES (1110825579919335426, 1110824058062266369, 'testTask', 'test', '参数', 0, NULL, 1004, '2019-03-27 16:47:10');
INSERT INTO `t_schedule_job_log` VALUES (1110825617571602434, 1110823799403732994, 'testTask', 'test2', '', 0, NULL, 2, '2019-03-27 16:47:20');
INSERT INTO `t_schedule_job_log` VALUES (1110825617647099906, 1110823541491785729, 'testTask', 'test3', '参数', 0, NULL, 10032, '2019-03-27 16:47:10');
INSERT INTO `t_schedule_job_log` VALUES (1110825621862375426, 1110824058062266369, 'testTask', 'test', '参数', 0, NULL, 1002, '2019-03-27 16:47:20');
INSERT INTO `t_schedule_job_log` VALUES (1110825642758397953, 1110823541491785729, 'testTask', 'test3', '参数', 0, NULL, 6017, '2019-03-27 16:47:20');
INSERT INTO `t_schedule_job_log` VALUES (1110825659510448129, 1110823799403732994, 'testTask', 'test2', '', 0, NULL, 1, '2019-03-27 16:47:30');
INSERT INTO `t_schedule_job_log` VALUES (1110825663771860993, 1110824058062266369, 'testTask', 'test', '参数', 0, NULL, 1001, '2019-03-27 16:47:30');
INSERT INTO `t_schedule_job_log` VALUES (1110825684730798082, 1110823541491785729, 'testTask', 'test3', '参数', 0, NULL, 6024, '2019-03-27 16:47:30');
INSERT INTO `t_schedule_job_log` VALUES (1110825701487042561, 1110823799403732994, 'testTask', 'test2', '', 0, NULL, 0, '2019-03-27 16:47:40');
INSERT INTO `t_schedule_job_log` VALUES (1110825705773621250, 1110824058062266369, 'testTask', 'test', '参数', 0, NULL, 1005, '2019-03-27 16:47:40');
INSERT INTO `t_schedule_job_log` VALUES (1110825730893307905, 1110823541491785729, 'testTask', 'test3', '参数', 0, NULL, 7023, '2019-03-27 16:47:40');
INSERT INTO `t_schedule_job_log` VALUES (1110825743392333826, 1110823799403732994, 'testTask', 'test2', '', 0, NULL, 1, '2019-03-27 16:47:50');
INSERT INTO `t_schedule_job_log` VALUES (1110825747641163778, 1110824058062266369, 'testTask', 'test', '参数', 0, NULL, 1003, '2019-03-27 16:47:50');
INSERT INTO `t_schedule_job_log` VALUES (1110825777026457602, 1110823541491785729, 'testTask', 'test3', '参数', 0, NULL, 8027, '2019-03-27 16:47:50');
INSERT INTO `t_schedule_job_log` VALUES (1110825785364733953, 1110823799403732994, 'testTask', 'test2', '', 0, NULL, 1, '2019-03-27 16:48:00');
INSERT INTO `t_schedule_job_log` VALUES (1110825789617758209, 1110824058062266369, 'testTask', 'test', '参数', 0, NULL, 1003, '2019-03-27 16:48:00');
INSERT INTO `t_schedule_job_log` VALUES (1110825814737444866, 1110823541491785729, 'testTask', 'test3', '参数', 0, NULL, 7019, '2019-03-27 16:48:00');
INSERT INTO `t_schedule_job_log` VALUES (1110825827249053697, 1110823799403732994, 'testTask', 'test2', '', 0, NULL, 0, '2019-03-27 16:48:10');
INSERT INTO `t_schedule_job_log` VALUES (1110825831518855170, 1110824058062266369, 'testTask', 'test', '参数', 0, NULL, 1005, '2019-03-27 16:48:10');
INSERT INTO `t_schedule_job_log` VALUES (1110825852419072002, 1110823541491785729, 'testTask', 'test3', '参数', 0, NULL, 6009, '2019-03-27 16:48:10');
INSERT INTO `t_schedule_job_log` VALUES (1110825869229842434, 1110823799403732994, 'testTask', 'test2', '', 0, NULL, 1, '2019-03-27 16:48:20');
INSERT INTO `t_schedule_job_log` VALUES (1110825873470283778, 1110824058062266369, 'testTask', 'test', '参数', 0, NULL, 1001, '2019-03-27 16:48:20');
INSERT INTO `t_schedule_job_log` VALUES (1110825902792663042, 1110823541491785729, 'testTask', 'test3', '参数', 0, NULL, 8014, '2019-03-27 16:48:20');
INSERT INTO `t_schedule_job_log` VALUES (1110825911151910914, 1110823799403732994, 'testTask', 'test2', '', 0, NULL, 0, '2019-03-27 16:48:30');
INSERT INTO `t_schedule_job_log` VALUES (1110825915396546562, 1110824058062266369, 'testTask', 'test', '参数', 0, NULL, 1002, '2019-03-27 16:48:30');
INSERT INTO `t_schedule_job_log` VALUES (1110825953120116738, 1110823799403732994, 'testTask', 'test2', '', 0, NULL, 0, '2019-03-27 16:48:40');
INSERT INTO `t_schedule_job_log` VALUES (1110825953183031298, 1110823541491785729, 'testTask', 'test3', '参数', 0, NULL, 10031, '2019-03-27 16:48:30');
INSERT INTO `t_schedule_job_log` VALUES (1110825957368946690, 1110824058062266369, 'testTask', 'test', '参数', 0, NULL, 1003, '2019-03-27 16:48:40');
INSERT INTO `t_schedule_job_log` VALUES (1110825982513799169, 1110823541491785729, 'testTask', 'test3', '参数', 0, NULL, 7024, '2019-03-27 16:48:40');
INSERT INTO `t_schedule_job_log` VALUES (1110825995033796610, 1110823799403732994, 'testTask', 'test2', '', 0, NULL, 1, '2019-03-27 16:48:50');
INSERT INTO `t_schedule_job_log` VALUES (1110825999274237953, 1110824058062266369, 'testTask', 'test', '参数', 0, NULL, 1003, '2019-03-27 16:48:50');
INSERT INTO `t_schedule_job_log` VALUES (1110826032828669953, 1110823541491785729, 'testTask', 'test3', '参数', 0, NULL, 9021, '2019-03-27 16:48:50');
INSERT INTO `t_schedule_job_log` VALUES (1110826036981030914, 1110823799403732994, 'testTask', 'test2', '', 0, NULL, 0, '2019-03-27 16:49:00');
INSERT INTO `t_schedule_job_log` VALUES (1110826041234055169, 1110824058062266369, 'testTask', 'test', '参数', 0, NULL, 1004, '2019-03-27 16:49:00');
INSERT INTO `t_schedule_job_log` VALUES (1110826078919876610, 1110823799403732994, 'testTask', 'test2', '', 0, NULL, 1, '2019-03-27 16:49:10');
INSERT INTO `t_schedule_job_log` VALUES (1110826078970208257, 1110823541491785729, 'testTask', 'test3', '参数', 0, NULL, 10020, '2019-03-27 16:49:00');
INSERT INTO `t_schedule_job_log` VALUES (1110826083181289474, 1110824058062266369, 'testTask', 'test', '参数', 0, NULL, 1005, '2019-03-27 16:49:10');
INSERT INTO `t_schedule_job_log` VALUES (1110826120963579905, 1110823799403732994, 'testTask', 'test2', '', 0, NULL, 1, '2019-03-27 16:49:20');
INSERT INTO `t_schedule_job_log` VALUES (1110826120988745729, 1110823541491785729, 'testTask', 'test3', '参数', 0, NULL, 10037, '2019-03-27 16:49:10');
INSERT INTO `t_schedule_job_log` VALUES (1110826125619257346, 1110824058062266369, 'testTask', 'test', '参数', 0, NULL, 1011, '2019-03-27 16:49:20');
INSERT INTO `t_schedule_job_log` VALUES (1110826158716510210, 1110823541491785729, 'testTask', 'test3', '参数', 0, NULL, 9029, '2019-03-27 16:49:20');
INSERT INTO `t_schedule_job_log` VALUES (1110826959803408385, 1110826946150948865, 'testTask', 'test4', '', 0, NULL, 2, '2019-03-27 16:52:40');
INSERT INTO `t_schedule_job_log` VALUES (1110827001670950914, 1110826946150948865, 'testTask', 'test4', '', 0, NULL, 1, '2019-03-27 16:52:50');
COMMIT;

-- ----------------------------
-- Table structure for t_sys_dic
-- ----------------------------
DROP TABLE IF EXISTS `t_sys_dic`;
CREATE TABLE `t_sys_dic` (
  `id` bigint(19) NOT NULL AUTO_INCREMENT COMMENT '主键ID',
  `parent_id` bigint(19) NOT NULL COMMENT '父变量ID',
  `var_code` varchar(255) DEFAULT NULL COMMENT '变量代码',
  `var_name` varchar(255) DEFAULT NULL COMMENT '变量名称',
  `create_time` datetime DEFAULT NULL COMMENT '记录创建时间',
  `update_time` datetime DEFAULT NULL COMMENT '记录修改时间',
  `create_user` varchar(255) DEFAULT NULL COMMENT '记录创建者（用户）',
  `update_user` varchar(255) DEFAULT NULL COMMENT '记录最后修改者（用户）',
  `is_sync` tinyint(4) DEFAULT NULL COMMENT '数据是否同步(0:是,1:否)',
  PRIMARY KEY (`id`),
  KEY `index_dic_code` (`var_code`) USING BTREE,
  KEY `index_dic_name` (`var_name`) USING BTREE
) ENGINE=InnoDB AUTO_INCREMENT=221 DEFAULT CHARSET=utf8 COMMENT='数据字典表';

-- ----------------------------
-- Records of t_sys_dic
-- ----------------------------
BEGIN;
INSERT INTO `t_sys_dic` VALUES (9, 0, '2017052', '行业', '2018-05-07 20:27:53', '2018-06-14 19:19:12', 'admin', 'admin', NULL);
INSERT INTO `t_sys_dic` VALUES (16, 0, '20184049', '区域', '2018-05-07 20:28:52', '2018-05-07 20:28:54', 'admin', 'admin', NULL);
INSERT INTO `t_sys_dic` VALUES (59, 16, '2018059', '鄂城区', '2018-05-07 10:10:10', '2018-05-07 10:10:10', 'admin', 'admin', NULL);
INSERT INTO `t_sys_dic` VALUES (60, 16, '2018060', '华容区', '2018-05-07 10:10:10', '2018-05-07 10:10:10', 'admin', 'admin', NULL);
INSERT INTO `t_sys_dic` VALUES (61, 16, '2018061', '梁子湖区', '2018-05-07 10:10:10', '2018-05-07 10:10:10', 'admin', 'admin', NULL);
INSERT INTO `t_sys_dic` VALUES (62, 16, '2018062', '葛店经济开发区', '2018-05-07 10:10:10', '2018-05-07 10:10:10', 'admin', 'admin', NULL);
INSERT INTO `t_sys_dic` VALUES (63, 16, '2018063', '鄂州经济开发区', '2018-05-07 10:10:10', '2018-05-07 10:10:10', 'admin', 'admin', NULL);
INSERT INTO `t_sys_dic` VALUES (64, 16, '2018064', '凤凰街办', '2018-05-07 10:10:10', '2018-05-07 10:10:10', 'admin', 'admin', NULL);
INSERT INTO `t_sys_dic` VALUES (65, 16, '2018065', '古楼街办', '2018-05-07 10:10:10', '2018-05-07 10:10:10', 'admin', 'admin', NULL);
INSERT INTO `t_sys_dic` VALUES (66, 16, '2018066', '西山街办', '2018-05-07 10:10:10', '2018-05-07 10:10:10', 'admin', 'admin', NULL);
INSERT INTO `t_sys_dic` VALUES (67, 16, '2018067', '梧桐湖新区', '2018-05-07 10:10:10', '2018-05-07 10:10:10', 'admin', 'admin', NULL);
INSERT INTO `t_sys_dic` VALUES (68, 16, '2018068', '三江港新区', '2018-05-07 10:10:10', '2018-05-07 10:10:10', 'admin', 'admin', NULL);
INSERT INTO `t_sys_dic` VALUES (69, 16, '2018069', '红莲湖新区', '2018-05-07 10:10:10', '2018-05-07 10:10:10', 'admin', 'admin', NULL);
INSERT INTO `t_sys_dic` VALUES (70, 16, '2018070', '花湖经济开发区', '2018-05-07 10:10:10', '2018-05-07 10:10:10', 'admin', 'admin', NULL);
INSERT INTO `t_sys_dic` VALUES (71, 16, '2018071', '鄂城新区', '2018-05-07 10:10:10', '2018-05-07 10:10:10', 'admin', 'admin', NULL);
INSERT INTO `t_sys_dic` VALUES (85, 9, '2018085', '非煤矿山', '2018-05-07 10:10:10', '2018-05-07 10:10:10', 'admin', 'admin', NULL);
INSERT INTO `t_sys_dic` VALUES (86, 9, '2018086', '石油化工、烟花爆竹', '2018-05-07 10:10:10', '2018-05-07 10:10:10', 'admin', 'admin', NULL);
INSERT INTO `t_sys_dic` VALUES (87, 9, '2018087', '民爆物品', '2018-05-07 10:10:10', '2018-05-07 10:10:10', 'admin', 'admin', NULL);
INSERT INTO `t_sys_dic` VALUES (88, 9, '2018088', '城乡建设管理', '2018-05-07 10:10:10', '2018-05-07 10:10:10', 'admin', 'admin', NULL);
INSERT INTO `t_sys_dic` VALUES (89, 9, '2018089', '综合交通运输', '2018-05-07 10:10:10', '2018-05-07 10:10:10', 'admin', 'admin', NULL);
INSERT INTO `t_sys_dic` VALUES (90, 9, '2018090', '特种设备', '2018-05-07 10:10:10', '2018-05-07 10:10:10', 'admin', 'admin', NULL);
INSERT INTO `t_sys_dic` VALUES (91, 9, '2018091', '消防安全', '2018-05-07 10:10:10', '2018-05-07 10:10:10', 'admin', 'admin', NULL);
INSERT INTO `t_sys_dic` VALUES (92, 9, '2018092', '工业(含四大行业)', '2018-05-07 10:10:10', '2018-05-07 10:10:10', 'admin', 'admin', NULL);
INSERT INTO `t_sys_dic` VALUES (103, 9, '2018103', '油气运输管道', '2018-05-07 10:10:10', '2018-05-07 10:10:10', 'admin', 'admin', NULL);
INSERT INTO `t_sys_dic` VALUES (104, 9, '2018104', '校园(含校车)', '2018-05-07 10:10:10', '2018-05-07 10:10:10', 'admin', 'admin', NULL);
INSERT INTO `t_sys_dic` VALUES (105, 9, '2018105', '医疗卫生', '2018-05-07 10:10:10', '2018-05-07 10:10:10', 'admin', 'admin', NULL);
INSERT INTO `t_sys_dic` VALUES (106, 9, '2018106', '文体广电', '2018-05-07 10:10:10', '2018-05-07 10:10:10', 'admin', 'admin', NULL);
INSERT INTO `t_sys_dic` VALUES (107, 9, '2018107', '旅游', '2018-05-07 10:10:10', '2018-05-07 10:10:10', 'admin', 'admin', NULL);
INSERT INTO `t_sys_dic` VALUES (108, 9, '2018108', '商贸(含成品油)', '2018-05-07 10:10:10', '2018-05-07 10:10:10', 'admin', 'admin', NULL);
INSERT INTO `t_sys_dic` VALUES (109, 9, '2018109', '国土(含地质灾害)', '2018-05-07 10:10:10', '2018-05-07 10:10:10', 'admin', 'admin', NULL);
INSERT INTO `t_sys_dic` VALUES (110, 9, '2018110', '老旧危房(含社区物业)', '2018-05-07 10:10:10', '2018-05-07 10:10:10', 'admin', 'admin', NULL);
INSERT INTO `t_sys_dic` VALUES (111, 9, '2018111', '水利', '2018-05-07 10:10:10', '2018-05-07 10:10:10', 'admin', 'admin', NULL);
INSERT INTO `t_sys_dic` VALUES (112, 9, '2018112', '快递邮递', '2018-05-07 10:10:10', '2018-05-07 10:10:10', 'admin', 'admin', NULL);
INSERT INTO `t_sys_dic` VALUES (113, 9, '2018113', '民政、社会福利事业', '2018-05-07 10:10:10', '2018-05-07 10:10:10', 'admin', 'admin', NULL);
INSERT INTO `t_sys_dic` VALUES (114, 9, '2018114', '渔业', '2018-05-07 10:10:10', '2018-05-07 10:10:10', 'admin', 'admin', NULL);
INSERT INTO `t_sys_dic` VALUES (201, 86, '0101', '生产使用', '2018-05-09 10:46:32', '2018-05-09 10:46:32', 'admin', 'admin', NULL);
INSERT INTO `t_sys_dic` VALUES (203, 86, '0102', '经营存储', '2018-05-09 10:47:20', '2018-05-09 10:47:20', 'admin', 'admin', NULL);
INSERT INTO `t_sys_dic` VALUES (205, 86, '0103', '烟花爆竹', '2018-05-09 10:48:01', '2018-05-09 10:48:01', 'admin', 'admin', NULL);
INSERT INTO `t_sys_dic` VALUES (207, 86, '0104', '油库储存', '2018-05-09 10:48:25', '2018-05-09 10:48:25', 'admin', 'admin', NULL);
INSERT INTO `t_sys_dic` VALUES (209, 85, '0201', '露天矿山', '2018-05-09 10:48:51', '2018-05-09 10:48:51', 'admin', 'admin', NULL);
INSERT INTO `t_sys_dic` VALUES (211, 85, '0202', '地下矿山', '2018-05-09 10:49:27', '2018-05-09 10:49:27', 'admin', 'admin', NULL);
INSERT INTO `t_sys_dic` VALUES (212, 90, '0301', '大型游乐', '2018-05-09 16:16:07', '2018-05-09 16:16:10', NULL, NULL, NULL);
INSERT INTO `t_sys_dic` VALUES (213, 90, '0302', '专用车辆', '2018-05-09 16:16:38', '2018-05-09 16:16:41', NULL, NULL, NULL);
INSERT INTO `t_sys_dic` VALUES (214, 90, '0303', '电梯', '2018-05-09 16:17:01', '2018-05-09 16:17:03', NULL, NULL, NULL);
INSERT INTO `t_sys_dic` VALUES (215, 90, '0304', '工业管道', '2018-05-09 16:17:26', '2018-05-09 16:17:28', NULL, NULL, NULL);
INSERT INTO `t_sys_dic` VALUES (216, 90, '0305', '锅炉', '2018-05-09 16:17:53', '2018-05-09 16:17:55', NULL, NULL, NULL);
INSERT INTO `t_sys_dic` VALUES (217, 90, '0306', '客运索道', '2018-05-09 16:18:23', '2018-05-09 16:18:25', NULL, NULL, NULL);
INSERT INTO `t_sys_dic` VALUES (218, 90, '0307', '起重机械', '2018-05-09 16:18:53', '2018-05-09 16:18:55', NULL, NULL, NULL);
INSERT INTO `t_sys_dic` VALUES (219, 90, '0308', '气瓶充装站', '2018-05-09 16:19:23', '2018-05-09 16:19:25', NULL, NULL, NULL);
INSERT INTO `t_sys_dic` VALUES (220, 90, '0309', '压力容器', '2018-05-09 16:19:45', '2018-05-09 16:19:48', NULL, NULL, NULL);
COMMIT;

-- ----------------------------
-- Table structure for t_sys_file
-- ----------------------------
DROP TABLE IF EXISTS `t_sys_file`;
CREATE TABLE `t_sys_file` (
  `id` varchar(32) NOT NULL,
  `table_id` varchar(60) DEFAULT NULL COMMENT '附件类型(哪个表的附件)',
  `record_id` varchar(32) DEFAULT NULL COMMENT '附件ID(哪个表的记录Id)',
  `attachment_group` varchar(20) DEFAULT NULL COMMENT '表的记录Id下的附件分组的组名',
  `attachment_name` varchar(60) DEFAULT NULL COMMENT '附件名称',
  `attachment_path` varchar(255) DEFAULT NULL COMMENT '附件路径',
  `attachment_type` tinyint(4) DEFAULT NULL COMMENT '附件类型(0-word,1-excel,2-pdf,3-jpg,png,4-其他)',
  `save_type` tinyint(4) DEFAULT NULL COMMENT '存储类型（0：本地存储，1:fastdfs）',
  `create_time` datetime DEFAULT NULL COMMENT '记录创建时间',
  `update_time` datetime DEFAULT NULL COMMENT '记录最后修改时间',
  `create_user` varchar(20) DEFAULT NULL COMMENT '记录创建者(用户)',
  `update_user` varchar(20) DEFAULT NULL COMMENT '记录最后修改者(用户)',
  `is_sync` tinyint(4) DEFAULT NULL COMMENT '数据是否同步(0:是,1:否)',
  PRIMARY KEY (`id`),
  KEY `t_sys_file_table_id` (`table_id`) USING BTREE,
  KEY `t_sys_file_rrecord_id` (`record_id`) USING BTREE
) ENGINE=InnoDB DEFAULT CHARSET=utf8 COMMENT='附件表';

-- ----------------------------
-- Table structure for t_sys_log
-- ----------------------------
DROP TABLE IF EXISTS `t_sys_log`;
CREATE TABLE `t_sys_log` (
  `id` bigint(19) NOT NULL AUTO_INCREMENT COMMENT '主键id',
  `login_name` varchar(255) DEFAULT NULL COMMENT '登陆名',
  `role_name` varchar(255) DEFAULT NULL COMMENT '角色名',
  `type` tinyint(4) DEFAULT NULL COMMENT '日志类型（0:系统日志，1：操作日志）',
  `operation` varchar(255) DEFAULT NULL COMMENT '用户操作',
  `class_name` varchar(1024) DEFAULT NULL COMMENT '类名',
  `method` varchar(1024) DEFAULT NULL COMMENT '请求方法',
  `params` varchar(1024) DEFAULT NULL COMMENT '请求参数',
  `time` bigint(19) DEFAULT NULL COMMENT '执行时长',
  `client_ip` varchar(255) DEFAULT NULL COMMENT '客户端ip',
  `create_time` datetime NOT NULL COMMENT '创建时间',
  PRIMARY KEY (`id`)
) ENGINE=InnoDB AUTO_INCREMENT=597 DEFAULT CHARSET=utf8 COMMENT='系统日志表';

-- ----------------------------
-- Records of t_sys_log
-- ----------------------------
BEGIN;
INSERT INTO `t_sys_log` VALUES (537, 'admin', 'admin', NULL, NULL, 'com.perye.upms.controller.SysResourceController', 'list', 't=1553675357593&page=1&limit=10&name=&', 147, '0:0:0:0:0:0:0:1', '2019-03-27 16:29:19');
INSERT INTO `t_sys_log` VALUES (538, 'admin', 'admin', NULL, NULL, 'com.perye.upms.controller.SysResourceController', 'list', 't=1553675357593&page=1&limit=10&name=&', 790, '0:0:0:0:0:0:0:1', '2019-03-27 16:29:19');
INSERT INTO `t_sys_log` VALUES (539, 'admin', 'admin', NULL, NULL, 'com.perye.job.controller.ScheduleJobController', 'list', 't=1553675489533&page=1&limit=10&beanName=&', 731, '0:0:0:0:0:0:0:1', '2019-03-27 16:31:30');
INSERT INTO `t_sys_log` VALUES (540, 'admin', 'admin', NULL, NULL, 'com.perye.job.controller.ScheduleJobController', 'list', 't=1553675578951&page=1&limit=10&beanName=&', 12, '0:0:0:0:0:0:0:1', '2019-03-27 16:32:59');
INSERT INTO `t_sys_log` VALUES (541, 'admin', 'admin', NULL, NULL, 'com.perye.job.controller.ScheduleJobController', 'list', 't=1553675590026&page=1&limit=10&beanName=&', 11, '0:0:0:0:0:0:0:1', '2019-03-27 16:33:10');
INSERT INTO `t_sys_log` VALUES (542, 'admin', 'admin', NULL, NULL, 'com.perye.job.controller.ScheduleJobController', 'list', 't=1553675597124&page=1&limit=10&beanName=&', 11, '0:0:0:0:0:0:0:1', '2019-03-27 16:33:17');
INSERT INTO `t_sys_log` VALUES (543, 'admin', 'admin', NULL, NULL, 'com.perye.job.controller.ScheduleJobController', 'save', NULL, 987, '0:0:0:0:0:0:0:1', '2019-03-27 16:36:05');
INSERT INTO `t_sys_log` VALUES (544, 'admin', 'admin', NULL, NULL, 'com.perye.job.controller.ScheduleJobController', 'list', 't=1553675766575&page=1&limit=10&beanName=&', 101, '0:0:0:0:0:0:0:1', '2019-03-27 16:36:07');
INSERT INTO `t_sys_log` VALUES (545, 'admin', 'admin', NULL, NULL, 'com.perye.job.controller.ScheduleJobController', 'list', 't=1553675794062&page=1&limit=10&beanName=&', 16, '0:0:0:0:0:0:0:1', '2019-03-27 16:36:34');
INSERT INTO `t_sys_log` VALUES (546, 'admin', 'admin', NULL, NULL, 'com.perye.job.controller.ScheduleJobController', 'delete', NULL, 38, '0:0:0:0:0:0:0:1', '2019-03-27 16:36:41');
INSERT INTO `t_sys_log` VALUES (547, 'admin', 'admin', NULL, NULL, 'com.perye.job.controller.ScheduleJobController', 'list', 't=1553675802948&page=1&limit=10&beanName=&', 13, '0:0:0:0:0:0:0:1', '2019-03-27 16:36:43');
INSERT INTO `t_sys_log` VALUES (548, 'admin', 'admin', NULL, NULL, 'com.perye.job.controller.ScheduleJobController', 'update', NULL, 45, '0:0:0:0:0:0:0:1', '2019-03-27 16:37:55');
INSERT INTO `t_sys_log` VALUES (549, 'admin', 'admin', NULL, NULL, 'com.perye.job.controller.ScheduleJobController', 'list', 't=1553675876424&page=1&limit=10&beanName=&', 15, '0:0:0:0:0:0:0:1', '2019-03-27 16:37:57');
INSERT INTO `t_sys_log` VALUES (550, 'admin', 'admin', NULL, NULL, 'com.perye.job.controller.ScheduleJobController', 'update', NULL, 39, '0:0:0:0:0:0:0:1', '2019-03-27 16:37:59');
INSERT INTO `t_sys_log` VALUES (551, 'admin', 'admin', NULL, NULL, 'com.perye.job.controller.ScheduleJobController', 'list', 't=1553675880954&page=1&limit=10&beanName=&', 15, '0:0:0:0:0:0:0:1', '2019-03-27 16:38:01');
INSERT INTO `t_sys_log` VALUES (552, 'admin', 'admin', NULL, NULL, 'com.perye.job.controller.ScheduleJobController', 'update', NULL, 34, '0:0:0:0:0:0:0:1', '2019-03-27 16:38:03');
INSERT INTO `t_sys_log` VALUES (553, 'admin', 'admin', NULL, NULL, 'com.perye.job.controller.ScheduleJobController', 'list', 't=1553675884983&page=1&limit=10&beanName=&', 16, '0:0:0:0:0:0:0:1', '2019-03-27 16:38:05');
INSERT INTO `t_sys_log` VALUES (554, 'admin', 'admin', NULL, NULL, 'com.perye.job.controller.ScheduleJobController', 'delete', NULL, 31, '0:0:0:0:0:0:0:1', '2019-03-27 16:38:41');
INSERT INTO `t_sys_log` VALUES (555, 'admin', 'admin', NULL, NULL, 'com.perye.job.controller.ScheduleJobController', 'list', 't=1553675922586&page=1&limit=10&beanName=&', 10, '0:0:0:0:0:0:0:1', '2019-03-27 16:38:43');
INSERT INTO `t_sys_log` VALUES (556, 'admin', 'admin', NULL, NULL, 'com.perye.job.controller.ScheduleJobController', 'save', NULL, 23, '0:0:0:0:0:0:0:1', '2019-03-27 16:39:05');
INSERT INTO `t_sys_log` VALUES (557, 'admin', 'admin', NULL, NULL, 'com.perye.job.controller.ScheduleJobController', 'list', 't=1553675946594&page=1&limit=10&beanName=&', 17, '0:0:0:0:0:0:0:1', '2019-03-27 16:39:07');
INSERT INTO `t_sys_log` VALUES (558, 'admin', 'admin', NULL, NULL, 'com.perye.job.controller.ScheduleJobController', 'update', NULL, 30, '0:0:0:0:0:0:0:1', '2019-03-27 16:39:18');
INSERT INTO `t_sys_log` VALUES (559, 'admin', 'admin', NULL, NULL, 'com.perye.job.controller.ScheduleJobController', 'list', 't=1553675959963&page=1&limit=10&beanName=&', 12, '0:0:0:0:0:0:0:1', '2019-03-27 16:39:20');
INSERT INTO `t_sys_log` VALUES (560, 'admin', 'admin', NULL, NULL, 'com.perye.job.controller.ScheduleJobController', 'delete', NULL, 44, '0:0:0:0:0:0:0:1', '2019-03-27 16:39:38');
INSERT INTO `t_sys_log` VALUES (561, 'admin', 'admin', NULL, NULL, 'com.perye.job.controller.ScheduleJobController', 'list', 't=1553675979374&page=1&limit=10&beanName=&', 12, '0:0:0:0:0:0:0:1', '2019-03-27 16:39:39');
INSERT INTO `t_sys_log` VALUES (562, 'admin', 'admin', NULL, NULL, 'com.perye.job.controller.ScheduleJobController', 'save', NULL, 14, '0:0:0:0:0:0:0:1', '2019-03-27 16:40:07');
INSERT INTO `t_sys_log` VALUES (563, 'admin', 'admin', NULL, NULL, 'com.perye.job.controller.ScheduleJobController', 'list', 't=1553676008071&page=1&limit=10&beanName=&', 21, '0:0:0:0:0:0:0:1', '2019-03-27 16:40:08');
INSERT INTO `t_sys_log` VALUES (564, 'admin', 'admin', NULL, NULL, 'com.perye.job.controller.ScheduleJobController', 'delete', NULL, 27, '0:0:0:0:0:0:0:1', '2019-03-27 16:40:46');
INSERT INTO `t_sys_log` VALUES (565, 'admin', 'admin', NULL, NULL, 'com.perye.job.controller.ScheduleJobController', 'list', 't=1553676047148&page=1&limit=10&beanName=&', 12, '0:0:0:0:0:0:0:1', '2019-03-27 16:40:47');
INSERT INTO `t_sys_log` VALUES (566, 'admin', 'admin', NULL, NULL, 'com.perye.job.controller.ScheduleJobController', 'save', NULL, 19, '0:0:0:0:0:0:0:1', '2019-03-27 16:41:08');
INSERT INTO `t_sys_log` VALUES (567, 'admin', 'admin', NULL, NULL, 'com.perye.job.controller.ScheduleJobController', 'list', 't=1553676069750&page=1&limit=10&beanName=&', 15, '0:0:0:0:0:0:0:1', '2019-03-27 16:41:10');
INSERT INTO `t_sys_log` VALUES (568, 'admin', 'admin', NULL, NULL, 'com.perye.upms.controller.SysUserController', 'list', 't=1553676555667&page=1&limit=10&name=&', 202, '0:0:0:0:0:0:0:1', '2019-03-27 16:49:16');
INSERT INTO `t_sys_log` VALUES (569, 'admin', 'admin', NULL, NULL, 'com.perye.job.controller.ScheduleJobController', 'list', 't=1553676558436&page=1&limit=10&beanName=&', 23, '0:0:0:0:0:0:0:1', '2019-03-27 16:49:19');
INSERT INTO `t_sys_log` VALUES (570, 'admin', 'admin', NULL, NULL, 'com.perye.job.controller.ScheduleJobController', 'list', 't=1553676566666&page=1&limit=10&beanName=&', 13, '0:0:0:0:0:0:0:1', '2019-03-27 16:49:27');
INSERT INTO `t_sys_log` VALUES (571, 'admin', 'admin', NULL, NULL, 'com.perye.upms.controller.SysResourceController', 'list', 't=1553676566666&page=1&limit=10&beanName=&', 662, '0:0:0:0:0:0:0:1', '2019-03-27 16:49:51');
INSERT INTO `t_sys_log` VALUES (572, 'admin', 'admin', NULL, NULL, 'com.perye.upms.controller.SysResourceController', 'list', 't=1553676608507&', 679, '0:0:0:0:0:0:0:1', '2019-03-27 16:50:21');
INSERT INTO `t_sys_log` VALUES (573, 'admin', 'admin', NULL, NULL, 'com.perye.job.controller.ScheduleJobController', 'list', 't=1553676642901&page=1&limit=10&beanName=&', 25, '0:0:0:0:0:0:0:1', '2019-03-27 16:50:43');
INSERT INTO `t_sys_log` VALUES (574, 'admin', 'admin', NULL, NULL, 'com.perye.job.controller.ScheduleJobController', 'save', NULL, 358, '0:0:0:0:0:0:0:1', '2019-03-27 16:52:37');
INSERT INTO `t_sys_log` VALUES (575, 'admin', 'admin', NULL, NULL, 'com.perye.job.controller.ScheduleJobController', 'list', 't=1553676758423&page=1&limit=10&beanName=&', 81, '0:0:0:0:0:0:0:1', '2019-03-27 16:52:39');
INSERT INTO `t_sys_log` VALUES (576, 'admin', 'admin', NULL, NULL, 'com.perye.job.controller.ScheduleJobController', 'list', 't=1553676780180&page=1&limit=10&beanName=&', 11, '0:0:0:0:0:0:0:1', '2019-03-27 16:53:00');
INSERT INTO `t_sys_log` VALUES (577, 'admin', 'admin', NULL, NULL, 'com.perye.upms.controller.SysResourceController', 'list', 't=1553676780180&page=1&limit=10&beanName=&', 648, '0:0:0:0:0:0:0:1', '2019-03-27 16:53:08');
INSERT INTO `t_sys_log` VALUES (578, 'admin', 'admin', NULL, NULL, 'com.perye.upms.controller.SysResourceController', 'update', NULL, 867, '0:0:0:0:0:0:0:1', '2019-03-27 16:53:16');
INSERT INTO `t_sys_log` VALUES (579, 'admin', 'admin', NULL, NULL, 'com.perye.upms.controller.SysResourceController', 'list', NULL, 521, '0:0:0:0:0:0:0:1', '2019-03-27 16:53:18');
INSERT INTO `t_sys_log` VALUES (580, 'admin', 'admin', NULL, NULL, 'com.perye.upms.controller.SysResourceController', 'list', NULL, 1096, '0:0:0:0:0:0:0:1', '2019-03-27 16:53:21');
INSERT INTO `t_sys_log` VALUES (581, 'admin', 'admin', NULL, NULL, 'com.perye.upms.controller.SysResourceController', 'list', 't=1553676834359&', 513, '0:0:0:0:0:0:0:1', '2019-03-27 16:53:58');
INSERT INTO `t_sys_log` VALUES (582, 'admin', 'admin', NULL, NULL, 'com.perye.upms.controller.SysRoleController', 'list', 't=1553676838392&page=1&limit=10&name=&', 29, '0:0:0:0:0:0:0:1', '2019-03-27 16:53:59');
INSERT INTO `t_sys_log` VALUES (583, 'admin', 'admin', NULL, NULL, 'com.perye.upms.controller.SysResourceController', 'list', 't=1553676838392&page=1&limit=10&name=&', 565, '0:0:0:0:0:0:0:1', '2019-03-27 16:54:02');
INSERT INTO `t_sys_log` VALUES (584, 'admin', 'admin', NULL, NULL, 'com.perye.upms.controller.SysResourceController', 'update', NULL, 27, '0:0:0:0:0:0:0:1', '2019-03-27 16:54:13');
INSERT INTO `t_sys_log` VALUES (585, 'admin', 'admin', NULL, NULL, 'com.perye.upms.controller.SysResourceController', 'list', NULL, 562, '0:0:0:0:0:0:0:1', '2019-03-27 16:54:15');
INSERT INTO `t_sys_log` VALUES (586, 'admin', 'admin', NULL, NULL, 'com.perye.upms.controller.SysResourceController', 'list', 't=1553676862387&', 600, '0:0:0:0:0:0:0:1', '2019-03-27 16:54:30');
INSERT INTO `t_sys_log` VALUES (587, 'admin', 'admin', NULL, NULL, 'com.perye.upms.controller.SysResourceController', 'update', NULL, 22, '0:0:0:0:0:0:0:1', '2019-03-27 16:54:41');
INSERT INTO `t_sys_log` VALUES (588, 'admin', 'admin', NULL, NULL, 'com.perye.upms.controller.SysResourceController', 'list', NULL, 464, '0:0:0:0:0:0:0:1', '2019-03-27 16:54:43');
INSERT INTO `t_sys_log` VALUES (589, 'admin', 'admin', NULL, NULL, 'com.perye.upms.controller.SysResourceController', 'update', NULL, 25, '0:0:0:0:0:0:0:1', '2019-03-27 16:54:53');
INSERT INTO `t_sys_log` VALUES (590, 'admin', 'admin', NULL, NULL, 'com.perye.upms.controller.SysResourceController', 'list', NULL, 431, '0:0:0:0:0:0:0:1', '2019-03-27 16:54:55');
INSERT INTO `t_sys_log` VALUES (591, 'admin', 'admin', NULL, NULL, 'com.perye.enterprise.controller.EnterpriseController', 'update', NULL, 31, '0:0:0:0:0:0:0:1', '2019-03-27 16:55:01');
INSERT INTO `t_sys_log` VALUES (592, 'admin', 'admin', NULL, NULL, 'com.perye.enterprise.controller.EnterpriseController', 'update', NULL, 12, '0:0:0:0:0:0:0:1', '2019-03-27 16:55:09');
INSERT INTO `t_sys_log` VALUES (593, 'admin', 'admin', NULL, NULL, 'com.perye.upms.controller.SysResourceController', 'list', 't=1553676910474&page=1&limit=10&industryCode=&areaCode=&enterpriseName=&', 536, '0:0:0:0:0:0:0:1', '2019-03-27 16:55:15');
INSERT INTO `t_sys_log` VALUES (594, 'admin', 'admin', NULL, NULL, 'com.perye.upms.controller.SysResourceController', 'update', NULL, 19, '0:0:0:0:0:0:0:1', '2019-03-27 16:55:31');
INSERT INTO `t_sys_log` VALUES (595, 'admin', 'admin', NULL, NULL, 'com.perye.upms.controller.SysResourceController', 'list', NULL, 382, '0:0:0:0:0:0:0:1', '2019-03-27 16:55:33');
INSERT INTO `t_sys_log` VALUES (596, 'admin', 'admin', NULL, NULL, 'com.perye.enterprise.controller.EnterpriseJobController', 'list', 't=1553676941715&page=1&limit=10&jobName=&', 63, '0:0:0:0:0:0:0:1', '2019-03-27 16:55:42');
COMMIT;

-- ----------------------------
-- Table structure for t_sys_resource
-- ----------------------------
DROP TABLE IF EXISTS `t_sys_resource`;
CREATE TABLE `t_sys_resource` (
  `id` bigint(19) NOT NULL AUTO_INCREMENT COMMENT '主键',
  `parent_id` bigint(19) DEFAULT NULL COMMENT '父级资源ID',
  `name` varchar(64) NOT NULL COMMENT '资源名称',
  `url` varchar(100) DEFAULT NULL COMMENT '资源路径',
  `description` varchar(255) DEFAULT NULL COMMENT '资源介绍',
  `icon` varchar(32) DEFAULT NULL COMMENT '资源图标',
  `seq` tinyint(4) NOT NULL DEFAULT '0' COMMENT '排序',
  `resource_type` tinyint(4) NOT NULL DEFAULT '0' COMMENT '资源类别(0：菜单，1：按钮)',
  `status` tinyint(4) NOT NULL DEFAULT '0' COMMENT '状态(0：开，1：关）',
  `create_time` datetime DEFAULT NULL ON UPDATE CURRENT_TIMESTAMP COMMENT '记录创建时间',
  `update_time` datetime DEFAULT NULL ON UPDATE CURRENT_TIMESTAMP COMMENT '记录最后修改时间',
  `create_user` varchar(255) DEFAULT NULL COMMENT '记录创建用户',
  `update_user` varchar(255) DEFAULT NULL COMMENT '记录最后修改用户',
  PRIMARY KEY (`id`)
) ENGINE=InnoDB AUTO_INCREMENT=269 DEFAULT CHARSET=utf8 COMMENT='资源表';

-- ----------------------------
-- Records of t_sys_resource
-- ----------------------------
BEGIN;
INSERT INTO `t_sys_resource` VALUES (1, 0, '系统配置', '', '系统管理', 'config', 2, 0, 0, '2018-12-17 15:23:40', '2018-12-17 15:23:40', NULL, 'admin');
INSERT INTO `t_sys_resource` VALUES (11, 1, '资源管理', 'sys/menu', '资源管理', 'menu', 3, 1, 0, '2018-12-17 19:11:42', '2018-12-17 19:11:43', NULL, 'admin');
INSERT INTO `t_sys_resource` VALUES (12, 1, '角色管理', 'sys/role', '角色管理', 'role', 2, 1, 0, '2018-12-17 19:11:24', '2018-12-17 19:11:25', NULL, 'admin');
INSERT INTO `t_sys_resource` VALUES (13, 1, '用户管理', 'sys/user', '用户管理', 'admin', 1, 1, 0, '2018-12-17 19:11:13', '2018-12-17 19:11:14', NULL, 'admin');
INSERT INTO `t_sys_resource` VALUES (111, 11, '列表', 'sys/menu/list', '资源列表', '', 0, 2, 0, '2018-12-13 19:32:40', '2018-12-13 19:32:40', NULL, NULL);
INSERT INTO `t_sys_resource` VALUES (112, 11, '添加', 'sys/menu/save', '资源添加', '', 0, 2, 0, '2018-12-13 19:32:40', '2018-12-13 19:32:40', NULL, NULL);
INSERT INTO `t_sys_resource` VALUES (113, 11, '编辑', 'sys/menu/update', '资源编辑', '', 0, 2, 0, '2018-12-13 19:32:40', '2018-12-13 19:32:40', NULL, NULL);
INSERT INTO `t_sys_resource` VALUES (114, 11, '删除', 'sys/menu/delete', '资源删除', '', 0, 2, 0, '2018-12-13 19:32:40', '2018-12-13 19:32:40', NULL, NULL);
INSERT INTO `t_sys_resource` VALUES (115, 11, '选择', 'sys/menu/select', '菜单选择', NULL, 4, 2, 0, '2018-12-14 16:44:29', '2018-12-14 16:44:32', NULL, NULL);
INSERT INTO `t_sys_resource` VALUES (116, 11, '信息', 'sys/menu/info', '菜单信息', NULL, 5, 2, 0, '2018-12-14 16:45:04', '2018-12-14 16:45:06', NULL, NULL);
INSERT INTO `t_sys_resource` VALUES (121, 12, '列表', 'sys/role/list', '角色列表', '', 0, 2, 0, '2018-12-13 19:32:40', '2018-12-13 19:32:40', NULL, NULL);
INSERT INTO `t_sys_resource` VALUES (122, 12, '添加', 'sys/role/save', '角色添加', '', 0, 2, 0, '2018-12-13 19:32:40', '2018-12-13 19:32:40', NULL, NULL);
INSERT INTO `t_sys_resource` VALUES (123, 12, '编辑', 'sys/role/update', '角色编辑', '', 0, 2, 0, '2018-12-13 19:32:40', '2018-12-13 19:32:40', NULL, NULL);
INSERT INTO `t_sys_resource` VALUES (124, 12, '删除', 'sys/role/delete', '角色删除', '', 0, 2, 0, '2018-12-13 19:32:40', '2018-12-13 19:32:40', NULL, NULL);
INSERT INTO `t_sys_resource` VALUES (125, 12, '选择', 'sys/role/select', '角色选择', NULL, 5, 2, 0, '2018-12-14 13:52:39', '2018-12-14 13:52:42', NULL, NULL);
INSERT INTO `t_sys_resource` VALUES (126, 12, '信息', 'sys/role/info', '角色信息', NULL, 6, 2, 0, '2018-12-14 14:32:15', '2018-12-14 14:32:15', NULL, NULL);
INSERT INTO `t_sys_resource` VALUES (131, 13, '列表', 'sys/user/list', '用户列表', '', 1, 2, 0, '2018-12-13 19:32:40', '2018-12-13 19:32:40', NULL, NULL);
INSERT INTO `t_sys_resource` VALUES (132, 13, '添加', 'sys/user/save', '用户添加', '', 2, 2, 0, '2018-12-13 19:32:40', '2018-12-13 19:32:40', NULL, NULL);
INSERT INTO `t_sys_resource` VALUES (133, 13, '编辑', 'sys/user/update', '用户编辑', '', 3, 2, 0, '2018-12-13 19:32:40', '2018-12-13 19:32:40', NULL, NULL);
INSERT INTO `t_sys_resource` VALUES (134, 13, '删除', 'sys/user/delete', '用户删除', '', 4, 2, 0, '2018-12-13 19:32:40', '2018-12-13 19:32:40', NULL, NULL);
INSERT INTO `t_sys_resource` VALUES (135, 13, '信息', 'sys/user/info', '用户信息', NULL, 5, 2, 0, '2018-12-14 14:05:39', '2018-12-14 14:05:41', NULL, NULL);
INSERT INTO `t_sys_resource` VALUES (227, 1, '操作日志', 'sys/log', '操作日志', 'log', 29, 1, 0, '2018-12-15 19:36:23', '2018-12-15 19:36:23', NULL, 'admin');
INSERT INTO `t_sys_resource` VALUES (228, 1, 'Druid监控', 'http://localhost:8281/druid', 'Druid监控', 'sql', 30, 1, 0, '2019-01-18 16:23:10', '2019-01-18 16:23:11', NULL, 'admin');
INSERT INTO `t_sys_resource` VALUES (234, 1, '字典管理', 'sys/dic', '字典管理', 'menu', 4, 1, 0, '2018-12-17 19:12:03', '2018-12-17 19:12:04', NULL, 'admin');
INSERT INTO `t_sys_resource` VALUES (235, 234, '数据字典列表', 'sys/dic/list', '数据字典列表', '', 0, 2, 0, '2018-12-13 19:37:23', '2018-12-13 19:37:23', NULL, NULL);
INSERT INTO `t_sys_resource` VALUES (236, 234, '添加', 'sys/dic/save', '数据字典添加', '', 1, 2, 0, '2018-12-13 19:37:03', '2018-12-13 19:37:03', NULL, NULL);
INSERT INTO `t_sys_resource` VALUES (237, 234, '编辑', 'sys/dic/update', '数据字典编辑', '', 2, 2, 0, '2018-12-13 19:32:40', '2018-12-13 19:32:40', NULL, NULL);
INSERT INTO `t_sys_resource` VALUES (238, 234, '删除', 'sys/dic/delete', '数据字典删除', '', 3, 2, 0, '2018-12-13 19:32:40', '2018-12-13 19:32:40', NULL, NULL);
INSERT INTO `t_sys_resource` VALUES (239, 1, '定时任务', 'sys/schedule', NULL, 'job', 5, 1, 0, '2018-12-15 19:10:38', NULL, 'admin', NULL);
INSERT INTO `t_sys_resource` VALUES (240, 239, '列表', 'sys/schedule/list', NULL, '', 1, 2, 0, '2018-12-15 19:15:10', NULL, 'admin', NULL);
INSERT INTO `t_sys_resource` VALUES (241, 239, '添加', 'sys/schedule/save', NULL, '', 2, 2, 0, '2018-12-15 19:16:20', NULL, 'admin', NULL);
INSERT INTO `t_sys_resource` VALUES (242, 239, '编辑', 'sys/schedule/update', '定时任务编辑', '', 3, 2, 0, '2018-12-15 19:22:18', NULL, 'admin', NULL);
INSERT INTO `t_sys_resource` VALUES (243, 239, '删除', 'sys/schedule/delete', '定时任务删除', '', 4, 2, 0, '2018-12-15 19:23:09', NULL, 'admin', NULL);
INSERT INTO `t_sys_resource` VALUES (244, 239, '信息', 'sys/schedule/info', '定时任务信息', '', 5, 2, 0, '2018-12-15 19:23:33', NULL, 'admin', NULL);
INSERT INTO `t_sys_resource` VALUES (245, 239, '暂停', 'sys/schedule/pause', '定时任务暂停', '', 6, 2, 0, '2018-12-15 19:25:39', NULL, 'admin', NULL);
INSERT INTO `t_sys_resource` VALUES (246, 239, '恢复', 'sys/schedule/resume', '定时任务恢复', '', 7, 2, 0, '2018-12-15 19:26:19', NULL, 'admin', NULL);
INSERT INTO `t_sys_resource` VALUES (247, 239, '立即执行', 'sys/schedule/run', '定时任务立即执行', '', 8, 2, 0, '2018-12-15 19:27:46', NULL, 'admin', NULL);
INSERT INTO `t_sys_resource` VALUES (248, 239, '日志', 'sys/schedule/log', '定时任务日志', '', 9, 2, 0, '2018-12-15 19:28:40', NULL, 'admin', NULL);
INSERT INTO `t_sys_resource` VALUES (249, 0, '企业管理', '', '企业管理', 'menu', 1, 0, 0, '2018-12-17 15:23:12', NULL, 'admin', NULL);
INSERT INTO `t_sys_resource` VALUES (250, 249, '企业信息', 'enterprise/enterprise', '企业信息', 'admin', 1, 1, 0, '2019-03-27 16:53:15', '2019-03-27 16:53:16', 'admin', 'admin');
INSERT INTO `t_sys_resource` VALUES (251, 250, '列表', 'enterprise/enterprise/list', '列表', '', 1, 2, 0, '2018-12-17 15:25:59', NULL, 'admin', NULL);
INSERT INTO `t_sys_resource` VALUES (252, 250, '添加', 'enterprise/enterprise/save', '添加', '', 2, 2, 0, '2019-03-27 16:54:40', '2019-03-27 16:54:41', 'admin', 'admin');
INSERT INTO `t_sys_resource` VALUES (253, 250, '编辑', 'enterprise/enterprise/update', '编辑', '', 3, 2, 0, '2019-03-27 16:55:31', '2019-03-27 16:55:31', 'admin', 'admin');
INSERT INTO `t_sys_resource` VALUES (254, 250, '删除', 'enterprise/enterprise/delete', '删除', '', 4, 2, 0, '2018-12-17 15:27:35', NULL, 'admin', NULL);
INSERT INTO `t_sys_resource` VALUES (255, 250, '信息', 'enterprise/enterprise/info', '信息', '', 5, 2, 0, '2018-12-17 15:28:04', NULL, 'admin', NULL);
INSERT INTO `t_sys_resource` VALUES (256, 1, '企业部门管理', 'enterprise/enterpriseDepartment', '企业部门管理', 'menu', 6, 1, 0, '2018-12-17 15:30:15', NULL, 'admin', NULL);
INSERT INTO `t_sys_resource` VALUES (257, 1, '企业职务管理', 'enterprise/enterpriseJob', '企业职务管理', 'menu', 7, 1, 0, '2018-12-17 15:30:45', NULL, 'admin', NULL);
INSERT INTO `t_sys_resource` VALUES (258, 256, '列表', 'enterprise/enterpriseDepartment/list', '企业部门列表', '', 1, 2, 0, '2018-12-17 19:05:51', NULL, 'admin', NULL);
INSERT INTO `t_sys_resource` VALUES (259, 256, '添加', 'enterprise/enterpriseDepartment/save', '企业部门添加', '', 2, 2, 0, '2018-12-17 19:06:09', NULL, 'admin', NULL);
INSERT INTO `t_sys_resource` VALUES (260, 256, '编辑', 'enterprise/enterpriseDepartment/update', '企业部门编辑', '', 3, 2, 0, '2018-12-17 19:06:34', NULL, 'admin', NULL);
INSERT INTO `t_sys_resource` VALUES (261, 256, '删除', 'enterprise/enterpriseDepartment/delete', '企业部门删除', '', 4, 2, 0, '2018-12-17 19:07:01', NULL, 'admin', NULL);
INSERT INTO `t_sys_resource` VALUES (262, 256, '信息', 'enterprise/enterpriseDepartment/info', '企业部门信息', '', 5, 2, 0, '2018-12-17 19:07:24', NULL, 'admin', NULL);
INSERT INTO `t_sys_resource` VALUES (263, 257, '列表', 'enterprise/enterpriseJob/list', '企业职务', '', 1, 2, 0, '2018-12-17 19:10:45', '2018-12-17 19:10:46', 'admin', 'admin');
INSERT INTO `t_sys_resource` VALUES (264, 257, '添加', 'enterprise/enterpriseJob/save', '企业职务添加', '', 2, 2, 0, '2018-12-17 19:08:53', NULL, 'admin', NULL);
INSERT INTO `t_sys_resource` VALUES (265, 257, '编辑', 'enterprise/enterpriseJob/update', '企业职务编辑', '', 3, 2, 0, '2018-12-17 19:09:20', NULL, 'admin', NULL);
INSERT INTO `t_sys_resource` VALUES (266, 257, '删除', 'enterprise/enterpriseJob/delete', '企业职务删除', '', 4, 2, 0, '2018-12-17 19:09:48', NULL, 'admin', NULL);
INSERT INTO `t_sys_resource` VALUES (267, 257, '信息', 'enterprise/enterpriseJob/info', '企业职务信息', '', 5, 2, 0, '2018-12-17 19:10:15', NULL, 'admin', NULL);
INSERT INTO `t_sys_resource` VALUES (268, 1, 'API接口', 'http://localhost:8281/swagger-ui.html', 'API接口', 'config', 31, 1, 0, '2019-01-18 16:24:28', NULL, 'admin', NULL);
COMMIT;

-- ----------------------------
-- Table structure for t_sys_role
-- ----------------------------
DROP TABLE IF EXISTS `t_sys_role`;
CREATE TABLE `t_sys_role` (
  `id` bigint(19) NOT NULL AUTO_INCREMENT COMMENT '主键id',
  `name` varchar(64) NOT NULL COMMENT '角色名',
  `seq` tinyint(2) NOT NULL DEFAULT '0' COMMENT '排序号',
  `description` varchar(255) DEFAULT NULL COMMENT '简介',
  `status` tinyint(2) NOT NULL DEFAULT '0' COMMENT '状态(0：开启，1：关闭)',
  `create_time` datetime NOT NULL ON UPDATE CURRENT_TIMESTAMP COMMENT '记录创建时间',
  `update_time` datetime NOT NULL ON UPDATE CURRENT_TIMESTAMP COMMENT '记录最后修改时间',
  `create_user_id` bigint(19) DEFAULT NULL COMMENT '记录创建者ID',
  PRIMARY KEY (`id`)
) ENGINE=InnoDB AUTO_INCREMENT=7 DEFAULT CHARSET=utf8 COMMENT='角色表';

-- ----------------------------
-- Records of t_sys_role
-- ----------------------------
BEGIN;
INSERT INTO `t_sys_role` VALUES (1, 'admin', 1, '超级管理员', 0, '2019-01-18 16:24:41', '2019-01-18 16:24:41', 1);
INSERT INTO `t_sys_role` VALUES (2, '应用管理员', 2, '应用管理员', 0, '2018-12-19 16:27:34', '2018-12-19 16:27:35', 1);
INSERT INTO `t_sys_role` VALUES (3, '安全管理', 3, '安全管理', 0, '2018-12-19 20:20:44', '2018-12-19 20:20:45', 1);
INSERT INTO `t_sys_role` VALUES (4, '安全专业人员', 4, '安全专业人员', 0, '2018-12-14 14:58:20', '2018-12-14 14:58:20', 1);
INSERT INTO `t_sys_role` VALUES (5, '安检岗位', 5, '安检岗位', 0, '2018-12-14 14:58:22', '2018-12-14 14:58:22', 1);
INSERT INTO `t_sys_role` VALUES (6, '岗位人员', 6, '岗位人员', 0, '2018-12-14 14:58:24', '2018-12-14 14:58:24', 1);
COMMIT;

-- ----------------------------
-- Table structure for t_sys_role_resource
-- ----------------------------
DROP TABLE IF EXISTS `t_sys_role_resource`;
CREATE TABLE `t_sys_role_resource` (
  `id` bigint(19) NOT NULL AUTO_INCREMENT COMMENT '主键id',
  `role_id` bigint(19) NOT NULL COMMENT '角色id',
  `resource_id` bigint(19) NOT NULL COMMENT '资源id',
  PRIMARY KEY (`id`),
  KEY `idx_role_resource_ids` (`role_id`,`resource_id`) USING BTREE
) ENGINE=InnoDB AUTO_INCREMENT=89217 DEFAULT CHARSET=utf8 COMMENT='角色资源表';

-- ----------------------------
-- Records of t_sys_role_resource
-- ----------------------------
BEGIN;
INSERT INTO `t_sys_role_resource` VALUES (89166, 1, 1);
INSERT INTO `t_sys_role_resource` VALUES (89180, 1, 11);
INSERT INTO `t_sys_role_resource` VALUES (89173, 1, 12);
INSERT INTO `t_sys_role_resource` VALUES (89167, 1, 13);
INSERT INTO `t_sys_role_resource` VALUES (89181, 1, 111);
INSERT INTO `t_sys_role_resource` VALUES (89182, 1, 112);
INSERT INTO `t_sys_role_resource` VALUES (89183, 1, 113);
INSERT INTO `t_sys_role_resource` VALUES (89184, 1, 114);
INSERT INTO `t_sys_role_resource` VALUES (89185, 1, 115);
INSERT INTO `t_sys_role_resource` VALUES (89186, 1, 116);
INSERT INTO `t_sys_role_resource` VALUES (89174, 1, 121);
INSERT INTO `t_sys_role_resource` VALUES (89175, 1, 122);
INSERT INTO `t_sys_role_resource` VALUES (89176, 1, 123);
INSERT INTO `t_sys_role_resource` VALUES (89177, 1, 124);
INSERT INTO `t_sys_role_resource` VALUES (89178, 1, 125);
INSERT INTO `t_sys_role_resource` VALUES (89179, 1, 126);
INSERT INTO `t_sys_role_resource` VALUES (89168, 1, 131);
INSERT INTO `t_sys_role_resource` VALUES (89169, 1, 132);
INSERT INTO `t_sys_role_resource` VALUES (89170, 1, 133);
INSERT INTO `t_sys_role_resource` VALUES (89171, 1, 134);
INSERT INTO `t_sys_role_resource` VALUES (89172, 1, 135);
INSERT INTO `t_sys_role_resource` VALUES (89214, 1, 227);
INSERT INTO `t_sys_role_resource` VALUES (89215, 1, 228);
INSERT INTO `t_sys_role_resource` VALUES (89187, 1, 234);
INSERT INTO `t_sys_role_resource` VALUES (89188, 1, 235);
INSERT INTO `t_sys_role_resource` VALUES (89189, 1, 236);
INSERT INTO `t_sys_role_resource` VALUES (89190, 1, 237);
INSERT INTO `t_sys_role_resource` VALUES (89191, 1, 238);
INSERT INTO `t_sys_role_resource` VALUES (89192, 1, 239);
INSERT INTO `t_sys_role_resource` VALUES (89193, 1, 240);
INSERT INTO `t_sys_role_resource` VALUES (89194, 1, 241);
INSERT INTO `t_sys_role_resource` VALUES (89195, 1, 242);
INSERT INTO `t_sys_role_resource` VALUES (89196, 1, 243);
INSERT INTO `t_sys_role_resource` VALUES (89197, 1, 244);
INSERT INTO `t_sys_role_resource` VALUES (89198, 1, 245);
INSERT INTO `t_sys_role_resource` VALUES (89199, 1, 246);
INSERT INTO `t_sys_role_resource` VALUES (89200, 1, 247);
INSERT INTO `t_sys_role_resource` VALUES (89201, 1, 248);
INSERT INTO `t_sys_role_resource` VALUES (89159, 1, 249);
INSERT INTO `t_sys_role_resource` VALUES (89160, 1, 250);
INSERT INTO `t_sys_role_resource` VALUES (89161, 1, 251);
INSERT INTO `t_sys_role_resource` VALUES (89162, 1, 252);
INSERT INTO `t_sys_role_resource` VALUES (89163, 1, 253);
INSERT INTO `t_sys_role_resource` VALUES (89164, 1, 254);
INSERT INTO `t_sys_role_resource` VALUES (89165, 1, 255);
INSERT INTO `t_sys_role_resource` VALUES (89202, 1, 256);
INSERT INTO `t_sys_role_resource` VALUES (89208, 1, 257);
INSERT INTO `t_sys_role_resource` VALUES (89203, 1, 258);
INSERT INTO `t_sys_role_resource` VALUES (89204, 1, 259);
INSERT INTO `t_sys_role_resource` VALUES (89205, 1, 260);
INSERT INTO `t_sys_role_resource` VALUES (89206, 1, 261);
INSERT INTO `t_sys_role_resource` VALUES (89207, 1, 262);
INSERT INTO `t_sys_role_resource` VALUES (89209, 1, 263);
INSERT INTO `t_sys_role_resource` VALUES (89210, 1, 264);
INSERT INTO `t_sys_role_resource` VALUES (89211, 1, 265);
INSERT INTO `t_sys_role_resource` VALUES (89212, 1, 266);
INSERT INTO `t_sys_role_resource` VALUES (89213, 1, 267);
INSERT INTO `t_sys_role_resource` VALUES (89216, 1, 268);
INSERT INTO `t_sys_role_resource` VALUES (88803, 2, 11);
INSERT INTO `t_sys_role_resource` VALUES (88796, 2, 12);
INSERT INTO `t_sys_role_resource` VALUES (88790, 2, 13);
INSERT INTO `t_sys_role_resource` VALUES (88804, 2, 111);
INSERT INTO `t_sys_role_resource` VALUES (88805, 2, 112);
INSERT INTO `t_sys_role_resource` VALUES (88806, 2, 113);
INSERT INTO `t_sys_role_resource` VALUES (88807, 2, 114);
INSERT INTO `t_sys_role_resource` VALUES (88808, 2, 115);
INSERT INTO `t_sys_role_resource` VALUES (88809, 2, 116);
INSERT INTO `t_sys_role_resource` VALUES (88797, 2, 121);
INSERT INTO `t_sys_role_resource` VALUES (88798, 2, 122);
INSERT INTO `t_sys_role_resource` VALUES (88799, 2, 123);
INSERT INTO `t_sys_role_resource` VALUES (88800, 2, 124);
INSERT INTO `t_sys_role_resource` VALUES (88801, 2, 125);
INSERT INTO `t_sys_role_resource` VALUES (88802, 2, 126);
INSERT INTO `t_sys_role_resource` VALUES (88791, 2, 131);
INSERT INTO `t_sys_role_resource` VALUES (88792, 2, 132);
INSERT INTO `t_sys_role_resource` VALUES (88793, 2, 133);
INSERT INTO `t_sys_role_resource` VALUES (88794, 2, 134);
INSERT INTO `t_sys_role_resource` VALUES (88795, 2, 135);
INSERT INTO `t_sys_role_resource` VALUES (88832, 2, 227);
INSERT INTO `t_sys_role_resource` VALUES (88833, 2, 228);
INSERT INTO `t_sys_role_resource` VALUES (88810, 2, 234);
INSERT INTO `t_sys_role_resource` VALUES (88811, 2, 235);
INSERT INTO `t_sys_role_resource` VALUES (88812, 2, 236);
INSERT INTO `t_sys_role_resource` VALUES (88813, 2, 237);
INSERT INTO `t_sys_role_resource` VALUES (88814, 2, 238);
INSERT INTO `t_sys_role_resource` VALUES (88815, 2, 239);
INSERT INTO `t_sys_role_resource` VALUES (88816, 2, 240);
INSERT INTO `t_sys_role_resource` VALUES (88817, 2, 241);
INSERT INTO `t_sys_role_resource` VALUES (88818, 2, 242);
INSERT INTO `t_sys_role_resource` VALUES (88819, 2, 243);
INSERT INTO `t_sys_role_resource` VALUES (88820, 2, 244);
INSERT INTO `t_sys_role_resource` VALUES (88821, 2, 245);
INSERT INTO `t_sys_role_resource` VALUES (88822, 2, 246);
INSERT INTO `t_sys_role_resource` VALUES (88823, 2, 247);
INSERT INTO `t_sys_role_resource` VALUES (88824, 2, 248);
INSERT INTO `t_sys_role_resource` VALUES (88783, 2, 249);
INSERT INTO `t_sys_role_resource` VALUES (88784, 2, 250);
INSERT INTO `t_sys_role_resource` VALUES (88785, 2, 251);
INSERT INTO `t_sys_role_resource` VALUES (88786, 2, 252);
INSERT INTO `t_sys_role_resource` VALUES (88787, 2, 253);
INSERT INTO `t_sys_role_resource` VALUES (88788, 2, 254);
INSERT INTO `t_sys_role_resource` VALUES (88789, 2, 255);
INSERT INTO `t_sys_role_resource` VALUES (88825, 2, 256);
INSERT INTO `t_sys_role_resource` VALUES (88826, 2, 258);
INSERT INTO `t_sys_role_resource` VALUES (88827, 2, 259);
INSERT INTO `t_sys_role_resource` VALUES (88828, 2, 260);
INSERT INTO `t_sys_role_resource` VALUES (88829, 2, 261);
INSERT INTO `t_sys_role_resource` VALUES (88830, 2, 262);
INSERT INTO `t_sys_role_resource` VALUES (88831, 2, 263);
INSERT INTO `t_sys_role_resource` VALUES (89157, 3, 1);
INSERT INTO `t_sys_role_resource` VALUES (89121, 3, 11);
INSERT INTO `t_sys_role_resource` VALUES (89114, 3, 12);
INSERT INTO `t_sys_role_resource` VALUES (89108, 3, 13);
INSERT INTO `t_sys_role_resource` VALUES (89122, 3, 111);
INSERT INTO `t_sys_role_resource` VALUES (89123, 3, 112);
INSERT INTO `t_sys_role_resource` VALUES (89124, 3, 113);
INSERT INTO `t_sys_role_resource` VALUES (89125, 3, 114);
INSERT INTO `t_sys_role_resource` VALUES (89126, 3, 115);
INSERT INTO `t_sys_role_resource` VALUES (89127, 3, 116);
INSERT INTO `t_sys_role_resource` VALUES (89115, 3, 121);
INSERT INTO `t_sys_role_resource` VALUES (89116, 3, 122);
INSERT INTO `t_sys_role_resource` VALUES (89117, 3, 123);
INSERT INTO `t_sys_role_resource` VALUES (89118, 3, 124);
INSERT INTO `t_sys_role_resource` VALUES (89119, 3, 125);
INSERT INTO `t_sys_role_resource` VALUES (89120, 3, 126);
INSERT INTO `t_sys_role_resource` VALUES (89109, 3, 131);
INSERT INTO `t_sys_role_resource` VALUES (89110, 3, 132);
INSERT INTO `t_sys_role_resource` VALUES (89111, 3, 133);
INSERT INTO `t_sys_role_resource` VALUES (89112, 3, 134);
INSERT INTO `t_sys_role_resource` VALUES (89113, 3, 135);
INSERT INTO `t_sys_role_resource` VALUES (89153, 3, 227);
INSERT INTO `t_sys_role_resource` VALUES (89154, 3, 228);
INSERT INTO `t_sys_role_resource` VALUES (89128, 3, 234);
INSERT INTO `t_sys_role_resource` VALUES (89129, 3, 235);
INSERT INTO `t_sys_role_resource` VALUES (89130, 3, 236);
INSERT INTO `t_sys_role_resource` VALUES (89131, 3, 237);
INSERT INTO `t_sys_role_resource` VALUES (89132, 3, 238);
INSERT INTO `t_sys_role_resource` VALUES (89133, 3, 239);
INSERT INTO `t_sys_role_resource` VALUES (89134, 3, 240);
INSERT INTO `t_sys_role_resource` VALUES (89135, 3, 241);
INSERT INTO `t_sys_role_resource` VALUES (89136, 3, 242);
INSERT INTO `t_sys_role_resource` VALUES (89137, 3, 243);
INSERT INTO `t_sys_role_resource` VALUES (89138, 3, 244);
INSERT INTO `t_sys_role_resource` VALUES (89139, 3, 245);
INSERT INTO `t_sys_role_resource` VALUES (89140, 3, 246);
INSERT INTO `t_sys_role_resource` VALUES (89141, 3, 247);
INSERT INTO `t_sys_role_resource` VALUES (89142, 3, 248);
INSERT INTO `t_sys_role_resource` VALUES (89155, 3, 249);
INSERT INTO `t_sys_role_resource` VALUES (89156, 3, 250);
INSERT INTO `t_sys_role_resource` VALUES (89104, 3, 251);
INSERT INTO `t_sys_role_resource` VALUES (89105, 3, 252);
INSERT INTO `t_sys_role_resource` VALUES (89106, 3, 253);
INSERT INTO `t_sys_role_resource` VALUES (89107, 3, 254);
INSERT INTO `t_sys_role_resource` VALUES (89143, 3, 256);
INSERT INTO `t_sys_role_resource` VALUES (89158, 3, 257);
INSERT INTO `t_sys_role_resource` VALUES (89144, 3, 258);
INSERT INTO `t_sys_role_resource` VALUES (89145, 3, 259);
INSERT INTO `t_sys_role_resource` VALUES (89146, 3, 260);
INSERT INTO `t_sys_role_resource` VALUES (89147, 3, 261);
INSERT INTO `t_sys_role_resource` VALUES (89148, 3, 262);
INSERT INTO `t_sys_role_resource` VALUES (89149, 3, 263);
INSERT INTO `t_sys_role_resource` VALUES (89150, 3, 264);
INSERT INTO `t_sys_role_resource` VALUES (89151, 3, 265);
INSERT INTO `t_sys_role_resource` VALUES (89152, 3, 266);
COMMIT;

-- ----------------------------
-- Table structure for t_sys_user
-- ----------------------------
DROP TABLE IF EXISTS `t_sys_user`;
CREATE TABLE `t_sys_user` (
  `id` bigint(19) NOT NULL AUTO_INCREMENT COMMENT '主键id',
  `login_name` varchar(64) NOT NULL COMMENT '登陆名',
  `name` varchar(64) NOT NULL COMMENT '用户名',
  `password` varchar(64) NOT NULL COMMENT '密码',
  `salt` varchar(36) DEFAULT NULL COMMENT '密码加密盐',
  `sex` tinyint(4) NOT NULL DEFAULT '0' COMMENT '性别(0:男，1：女)',
  `phone` varchar(20) DEFAULT NULL COMMENT '手机号',
  `email` varchar(255) DEFAULT NULL COMMENT '邮箱',
  `user_type` tinyint(4) NOT NULL DEFAULT '0' COMMENT '用户类别（0：超级管理员，1：企业用户，2：监管用户）',
  `status` tinyint(4) NOT NULL DEFAULT '0' COMMENT '用户状态(0：正常，1：不正常)',
  `expired` tinyint(4) DEFAULT '0' COMMENT '过期字段（0-不过期，1-过期）',
  `enterprise_id` varchar(32) DEFAULT NULL COMMENT '所属企业',
  `department_id` varchar(32) DEFAULT '' COMMENT '所属部门',
  `job_id` varchar(32) DEFAULT NULL COMMENT '用户职务',
  `is_leader` tinyint(4) DEFAULT NULL COMMENT '是否领导（0-是，1-否）',
  `create_time` datetime NOT NULL ON UPDATE CURRENT_TIMESTAMP COMMENT '记录创建时间',
  `update_time` datetime NOT NULL ON UPDATE CURRENT_TIMESTAMP COMMENT '记录最后修改时间',
  `create_user_id` bigint(19) DEFAULT NULL COMMENT '记录创建用户ID',
  PRIMARY KEY (`id`),
  KEY `index_user_login_name` (`login_name`) USING BTREE
) ENGINE=InnoDB AUTO_INCREMENT=2 DEFAULT CHARSET=utf8 COMMENT='用户表';

-- ----------------------------
-- Records of t_sys_user
-- ----------------------------
BEGIN;
INSERT INTO `t_sys_user` VALUES (1, 'admin', 'admin', 'b2ccd2d71e04f7dd479d79c5fe886c8f', 'b4752b4b73034de06afb2db30fe19061', 0, '18627026982', 'tuminglong@126.com', 0, 0, 0, '', '', NULL, 0, '2018-12-19 20:22:33', '2018-12-19 21:27:49', NULL);
COMMIT;

-- ----------------------------
-- Table structure for t_sys_user_enterprise
-- ----------------------------
DROP TABLE IF EXISTS `t_sys_user_enterprise`;
CREATE TABLE `t_sys_user_enterprise` (
  `id` bigint(19) NOT NULL AUTO_INCREMENT COMMENT '主键id',
  `user_id` bigint(19) DEFAULT NULL COMMENT '角色id',
  `enterprise_id` varchar(32) DEFAULT NULL COMMENT '企业id列表(;分割)',
  PRIMARY KEY (`id`),
  KEY `user_id` (`user_id`) USING BTREE,
  KEY `enterprise_id` (`enterprise_id`) USING BTREE,
  CONSTRAINT `t_sys_user_enterprise_ibfk_1` FOREIGN KEY (`user_id`) REFERENCES `t_sys_user` (`id`) ON DELETE CASCADE ON UPDATE CASCADE,
  CONSTRAINT `t_sys_user_enterprise_ibfk_2` FOREIGN KEY (`enterprise_id`) REFERENCES `t_enterprise` (`id`) ON DELETE CASCADE ON UPDATE CASCADE
) ENGINE=InnoDB DEFAULT CHARSET=utf8 COMMENT='监管用户与企业关联表';

-- ----------------------------
-- Table structure for t_sys_user_role
-- ----------------------------
DROP TABLE IF EXISTS `t_sys_user_role`;
CREATE TABLE `t_sys_user_role` (
  `id` bigint(19) NOT NULL AUTO_INCREMENT COMMENT '主键id',
  `user_id` bigint(19) NOT NULL COMMENT '用户id',
  `role_id` bigint(19) NOT NULL COMMENT '角色id',
  PRIMARY KEY (`id`),
  KEY `idx_user_role_ids` (`user_id`,`role_id`) USING BTREE
) ENGINE=InnoDB AUTO_INCREMENT=2530 DEFAULT CHARSET=utf8 COMMENT='用户角色表';

-- ----------------------------
-- Records of t_sys_user_role
-- ----------------------------
BEGIN;
INSERT INTO `t_sys_user_role` VALUES (249, 1, 1);
INSERT INTO `t_sys_user_role` VALUES (151, 57, 8);
INSERT INTO `t_sys_user_role` VALUES (153, 59, 8);
INSERT INTO `t_sys_user_role` VALUES (239, 61, 8);
INSERT INTO `t_sys_user_role` VALUES (2527, 67, 2);
INSERT INTO `t_sys_user_role` VALUES (2528, 67, 9);
INSERT INTO `t_sys_user_role` VALUES (221, 71, 1);
INSERT INTO `t_sys_user_role` VALUES (217, 73, 1);
INSERT INTO `t_sys_user_role` VALUES (256, 81, 1);
INSERT INTO `t_sys_user_role` VALUES (399, 89, 9);
INSERT INTO `t_sys_user_role` VALUES (400, 99, 9);
INSERT INTO `t_sys_user_role` VALUES (372, 100, 9);
INSERT INTO `t_sys_user_role` VALUES (2524, 101, 2);
INSERT INTO `t_sys_user_role` VALUES (2523, 101, 9);
INSERT INTO `t_sys_user_role` VALUES (376, 103, 9);
INSERT INTO `t_sys_user_role` VALUES (2457, 105, 8);
INSERT INTO `t_sys_user_role` VALUES (2459, 105, 9);
INSERT INTO `t_sys_user_role` VALUES (403, 114, 8);
INSERT INTO `t_sys_user_role` VALUES (411, 118, 22);
INSERT INTO `t_sys_user_role` VALUES (2529, 120, 22);
INSERT INTO `t_sys_user_role` VALUES (415, 122, 22);
INSERT INTO `t_sys_user_role` VALUES (417, 124, 22);
INSERT INTO `t_sys_user_role` VALUES (419, 126, 22);
INSERT INTO `t_sys_user_role` VALUES (421, 128, 22);
INSERT INTO `t_sys_user_role` VALUES (423, 130, 22);
INSERT INTO `t_sys_user_role` VALUES (425, 132, 22);
INSERT INTO `t_sys_user_role` VALUES (427, 134, 22);
INSERT INTO `t_sys_user_role` VALUES (429, 136, 22);
INSERT INTO `t_sys_user_role` VALUES (431, 138, 22);
INSERT INTO `t_sys_user_role` VALUES (433, 140, 22);
INSERT INTO `t_sys_user_role` VALUES (435, 142, 22);
INSERT INTO `t_sys_user_role` VALUES (437, 144, 22);
INSERT INTO `t_sys_user_role` VALUES (439, 146, 22);
INSERT INTO `t_sys_user_role` VALUES (441, 148, 22);
INSERT INTO `t_sys_user_role` VALUES (443, 150, 22);
INSERT INTO `t_sys_user_role` VALUES (445, 152, 22);
INSERT INTO `t_sys_user_role` VALUES (447, 154, 22);
INSERT INTO `t_sys_user_role` VALUES (449, 156, 22);
INSERT INTO `t_sys_user_role` VALUES (451, 158, 22);
INSERT INTO `t_sys_user_role` VALUES (453, 160, 22);
INSERT INTO `t_sys_user_role` VALUES (455, 162, 25);
INSERT INTO `t_sys_user_role` VALUES (457, 164, 25);
INSERT INTO `t_sys_user_role` VALUES (459, 166, 25);
INSERT INTO `t_sys_user_role` VALUES (461, 168, 25);
INSERT INTO `t_sys_user_role` VALUES (463, 170, 25);
INSERT INTO `t_sys_user_role` VALUES (465, 172, 22);
INSERT INTO `t_sys_user_role` VALUES (467, 174, 22);
INSERT INTO `t_sys_user_role` VALUES (469, 176, 22);
INSERT INTO `t_sys_user_role` VALUES (471, 178, 23);
INSERT INTO `t_sys_user_role` VALUES (473, 180, 23);
INSERT INTO `t_sys_user_role` VALUES (475, 182, 22);
INSERT INTO `t_sys_user_role` VALUES (477, 184, 23);
INSERT INTO `t_sys_user_role` VALUES (479, 186, 23);
INSERT INTO `t_sys_user_role` VALUES (481, 188, 23);
INSERT INTO `t_sys_user_role` VALUES (483, 190, 23);
INSERT INTO `t_sys_user_role` VALUES (485, 192, 23);
INSERT INTO `t_sys_user_role` VALUES (487, 194, 23);
INSERT INTO `t_sys_user_role` VALUES (489, 196, 23);
INSERT INTO `t_sys_user_role` VALUES (491, 198, 23);
INSERT INTO `t_sys_user_role` VALUES (493, 200, 23);
INSERT INTO `t_sys_user_role` VALUES (495, 202, 23);
INSERT INTO `t_sys_user_role` VALUES (497, 204, 23);
INSERT INTO `t_sys_user_role` VALUES (499, 206, 23);
INSERT INTO `t_sys_user_role` VALUES (501, 208, 23);
INSERT INTO `t_sys_user_role` VALUES (503, 210, 23);
INSERT INTO `t_sys_user_role` VALUES (505, 212, 23);
INSERT INTO `t_sys_user_role` VALUES (507, 214, 23);
INSERT INTO `t_sys_user_role` VALUES (509, 216, 23);
INSERT INTO `t_sys_user_role` VALUES (511, 218, 23);
INSERT INTO `t_sys_user_role` VALUES (513, 220, 23);
INSERT INTO `t_sys_user_role` VALUES (515, 222, 23);
INSERT INTO `t_sys_user_role` VALUES (517, 224, 23);
INSERT INTO `t_sys_user_role` VALUES (519, 226, 23);
INSERT INTO `t_sys_user_role` VALUES (521, 228, 23);
INSERT INTO `t_sys_user_role` VALUES (523, 230, 23);
INSERT INTO `t_sys_user_role` VALUES (525, 232, 23);
INSERT INTO `t_sys_user_role` VALUES (527, 234, 23);
INSERT INTO `t_sys_user_role` VALUES (529, 236, 23);
INSERT INTO `t_sys_user_role` VALUES (531, 238, 23);
INSERT INTO `t_sys_user_role` VALUES (533, 240, 23);
INSERT INTO `t_sys_user_role` VALUES (535, 242, 22);
INSERT INTO `t_sys_user_role` VALUES (537, 244, 23);
INSERT INTO `t_sys_user_role` VALUES (539, 246, 22);
INSERT INTO `t_sys_user_role` VALUES (541, 248, 22);
INSERT INTO `t_sys_user_role` VALUES (543, 250, 22);
INSERT INTO `t_sys_user_role` VALUES (545, 252, 22);
INSERT INTO `t_sys_user_role` VALUES (547, 254, 22);
INSERT INTO `t_sys_user_role` VALUES (549, 256, 22);
INSERT INTO `t_sys_user_role` VALUES (551, 258, 23);
INSERT INTO `t_sys_user_role` VALUES (553, 260, 22);
INSERT INTO `t_sys_user_role` VALUES (555, 262, 22);
INSERT INTO `t_sys_user_role` VALUES (557, 264, 22);
INSERT INTO `t_sys_user_role` VALUES (559, 266, 22);
INSERT INTO `t_sys_user_role` VALUES (561, 268, 22);
INSERT INTO `t_sys_user_role` VALUES (563, 270, 23);
INSERT INTO `t_sys_user_role` VALUES (565, 272, 23);
INSERT INTO `t_sys_user_role` VALUES (567, 274, 23);
INSERT INTO `t_sys_user_role` VALUES (569, 276, 23);
INSERT INTO `t_sys_user_role` VALUES (571, 278, 23);
INSERT INTO `t_sys_user_role` VALUES (573, 280, 23);
INSERT INTO `t_sys_user_role` VALUES (575, 282, 23);
INSERT INTO `t_sys_user_role` VALUES (577, 284, 23);
INSERT INTO `t_sys_user_role` VALUES (579, 286, 23);
INSERT INTO `t_sys_user_role` VALUES (581, 288, 23);
INSERT INTO `t_sys_user_role` VALUES (583, 290, 25);
INSERT INTO `t_sys_user_role` VALUES (585, 292, 25);
INSERT INTO `t_sys_user_role` VALUES (587, 294, 25);
INSERT INTO `t_sys_user_role` VALUES (589, 296, 25);
INSERT INTO `t_sys_user_role` VALUES (591, 298, 25);
INSERT INTO `t_sys_user_role` VALUES (593, 300, 25);
INSERT INTO `t_sys_user_role` VALUES (595, 302, 25);
INSERT INTO `t_sys_user_role` VALUES (597, 304, 25);
INSERT INTO `t_sys_user_role` VALUES (599, 306, 25);
INSERT INTO `t_sys_user_role` VALUES (601, 308, 25);
INSERT INTO `t_sys_user_role` VALUES (603, 310, 25);
INSERT INTO `t_sys_user_role` VALUES (605, 312, 25);
INSERT INTO `t_sys_user_role` VALUES (607, 314, 25);
INSERT INTO `t_sys_user_role` VALUES (609, 316, 25);
INSERT INTO `t_sys_user_role` VALUES (611, 318, 25);
INSERT INTO `t_sys_user_role` VALUES (613, 320, 25);
INSERT INTO `t_sys_user_role` VALUES (615, 322, 25);
INSERT INTO `t_sys_user_role` VALUES (617, 324, 25);
INSERT INTO `t_sys_user_role` VALUES (619, 326, 25);
INSERT INTO `t_sys_user_role` VALUES (621, 328, 25);
INSERT INTO `t_sys_user_role` VALUES (623, 330, 25);
INSERT INTO `t_sys_user_role` VALUES (625, 332, 25);
INSERT INTO `t_sys_user_role` VALUES (627, 334, 25);
INSERT INTO `t_sys_user_role` VALUES (629, 336, 25);
INSERT INTO `t_sys_user_role` VALUES (631, 338, 25);
INSERT INTO `t_sys_user_role` VALUES (633, 340, 25);
INSERT INTO `t_sys_user_role` VALUES (635, 342, 25);
INSERT INTO `t_sys_user_role` VALUES (637, 344, 25);
INSERT INTO `t_sys_user_role` VALUES (639, 346, 25);
INSERT INTO `t_sys_user_role` VALUES (641, 348, 25);
INSERT INTO `t_sys_user_role` VALUES (643, 350, 25);
INSERT INTO `t_sys_user_role` VALUES (645, 352, 25);
INSERT INTO `t_sys_user_role` VALUES (647, 354, 25);
INSERT INTO `t_sys_user_role` VALUES (649, 356, 25);
INSERT INTO `t_sys_user_role` VALUES (651, 358, 25);
INSERT INTO `t_sys_user_role` VALUES (653, 360, 25);
INSERT INTO `t_sys_user_role` VALUES (655, 362, 25);
INSERT INTO `t_sys_user_role` VALUES (657, 364, 25);
INSERT INTO `t_sys_user_role` VALUES (659, 366, 25);
INSERT INTO `t_sys_user_role` VALUES (661, 368, 25);
INSERT INTO `t_sys_user_role` VALUES (663, 370, 25);
INSERT INTO `t_sys_user_role` VALUES (665, 372, 25);
INSERT INTO `t_sys_user_role` VALUES (667, 374, 25);
INSERT INTO `t_sys_user_role` VALUES (669, 376, 25);
INSERT INTO `t_sys_user_role` VALUES (671, 378, 25);
INSERT INTO `t_sys_user_role` VALUES (673, 380, 25);
INSERT INTO `t_sys_user_role` VALUES (675, 382, 25);
INSERT INTO `t_sys_user_role` VALUES (677, 384, 25);
INSERT INTO `t_sys_user_role` VALUES (679, 386, 25);
INSERT INTO `t_sys_user_role` VALUES (681, 388, 25);
INSERT INTO `t_sys_user_role` VALUES (683, 390, 25);
INSERT INTO `t_sys_user_role` VALUES (685, 392, 25);
INSERT INTO `t_sys_user_role` VALUES (687, 394, 25);
INSERT INTO `t_sys_user_role` VALUES (689, 396, 25);
INSERT INTO `t_sys_user_role` VALUES (691, 398, 25);
INSERT INTO `t_sys_user_role` VALUES (693, 400, 25);
INSERT INTO `t_sys_user_role` VALUES (695, 402, 25);
INSERT INTO `t_sys_user_role` VALUES (697, 404, 25);
INSERT INTO `t_sys_user_role` VALUES (699, 406, 25);
INSERT INTO `t_sys_user_role` VALUES (701, 408, 25);
INSERT INTO `t_sys_user_role` VALUES (703, 410, 25);
INSERT INTO `t_sys_user_role` VALUES (705, 412, 25);
INSERT INTO `t_sys_user_role` VALUES (707, 414, 25);
INSERT INTO `t_sys_user_role` VALUES (709, 416, 25);
INSERT INTO `t_sys_user_role` VALUES (711, 418, 25);
INSERT INTO `t_sys_user_role` VALUES (713, 420, 25);
INSERT INTO `t_sys_user_role` VALUES (715, 422, 25);
INSERT INTO `t_sys_user_role` VALUES (717, 424, 25);
INSERT INTO `t_sys_user_role` VALUES (719, 426, 25);
INSERT INTO `t_sys_user_role` VALUES (721, 428, 25);
INSERT INTO `t_sys_user_role` VALUES (723, 430, 25);
INSERT INTO `t_sys_user_role` VALUES (725, 432, 25);
INSERT INTO `t_sys_user_role` VALUES (727, 434, 25);
INSERT INTO `t_sys_user_role` VALUES (729, 436, 25);
INSERT INTO `t_sys_user_role` VALUES (731, 438, 25);
INSERT INTO `t_sys_user_role` VALUES (733, 440, 23);
INSERT INTO `t_sys_user_role` VALUES (735, 442, 23);
INSERT INTO `t_sys_user_role` VALUES (737, 444, 22);
INSERT INTO `t_sys_user_role` VALUES (739, 446, 22);
INSERT INTO `t_sys_user_role` VALUES (741, 448, 22);
INSERT INTO `t_sys_user_role` VALUES (743, 450, 22);
INSERT INTO `t_sys_user_role` VALUES (745, 452, 23);
INSERT INTO `t_sys_user_role` VALUES (747, 454, 23);
INSERT INTO `t_sys_user_role` VALUES (749, 456, 23);
INSERT INTO `t_sys_user_role` VALUES (751, 458, 23);
INSERT INTO `t_sys_user_role` VALUES (753, 460, 23);
INSERT INTO `t_sys_user_role` VALUES (755, 462, 23);
INSERT INTO `t_sys_user_role` VALUES (757, 464, 25);
INSERT INTO `t_sys_user_role` VALUES (759, 466, 25);
INSERT INTO `t_sys_user_role` VALUES (761, 468, 23);
INSERT INTO `t_sys_user_role` VALUES (763, 470, 25);
INSERT INTO `t_sys_user_role` VALUES (765, 472, 25);
INSERT INTO `t_sys_user_role` VALUES (767, 474, 25);
INSERT INTO `t_sys_user_role` VALUES (769, 476, 25);
INSERT INTO `t_sys_user_role` VALUES (771, 478, 25);
INSERT INTO `t_sys_user_role` VALUES (773, 480, 25);
INSERT INTO `t_sys_user_role` VALUES (775, 482, 25);
INSERT INTO `t_sys_user_role` VALUES (777, 484, 25);
INSERT INTO `t_sys_user_role` VALUES (779, 486, 25);
INSERT INTO `t_sys_user_role` VALUES (781, 488, 25);
INSERT INTO `t_sys_user_role` VALUES (783, 490, 25);
INSERT INTO `t_sys_user_role` VALUES (785, 492, 25);
INSERT INTO `t_sys_user_role` VALUES (787, 494, 23);
INSERT INTO `t_sys_user_role` VALUES (789, 496, 25);
INSERT INTO `t_sys_user_role` VALUES (791, 498, 25);
INSERT INTO `t_sys_user_role` VALUES (793, 500, 25);
INSERT INTO `t_sys_user_role` VALUES (795, 502, 25);
INSERT INTO `t_sys_user_role` VALUES (797, 504, 25);
INSERT INTO `t_sys_user_role` VALUES (799, 506, 25);
INSERT INTO `t_sys_user_role` VALUES (801, 508, 25);
INSERT INTO `t_sys_user_role` VALUES (803, 510, 25);
INSERT INTO `t_sys_user_role` VALUES (805, 512, 25);
INSERT INTO `t_sys_user_role` VALUES (807, 514, 25);
INSERT INTO `t_sys_user_role` VALUES (809, 516, 25);
INSERT INTO `t_sys_user_role` VALUES (811, 518, 25);
INSERT INTO `t_sys_user_role` VALUES (813, 520, 25);
INSERT INTO `t_sys_user_role` VALUES (815, 522, 25);
INSERT INTO `t_sys_user_role` VALUES (817, 524, 23);
INSERT INTO `t_sys_user_role` VALUES (819, 526, 25);
INSERT INTO `t_sys_user_role` VALUES (821, 528, 25);
INSERT INTO `t_sys_user_role` VALUES (823, 530, 25);
INSERT INTO `t_sys_user_role` VALUES (825, 532, 25);
INSERT INTO `t_sys_user_role` VALUES (827, 534, 25);
INSERT INTO `t_sys_user_role` VALUES (829, 536, 25);
INSERT INTO `t_sys_user_role` VALUES (831, 538, 25);
INSERT INTO `t_sys_user_role` VALUES (833, 540, 25);
INSERT INTO `t_sys_user_role` VALUES (835, 542, 25);
INSERT INTO `t_sys_user_role` VALUES (837, 544, 25);
INSERT INTO `t_sys_user_role` VALUES (839, 546, 25);
INSERT INTO `t_sys_user_role` VALUES (841, 548, 25);
INSERT INTO `t_sys_user_role` VALUES (843, 550, 25);
INSERT INTO `t_sys_user_role` VALUES (845, 552, 25);
INSERT INTO `t_sys_user_role` VALUES (847, 554, 25);
INSERT INTO `t_sys_user_role` VALUES (849, 556, 22);
INSERT INTO `t_sys_user_role` VALUES (851, 558, 25);
INSERT INTO `t_sys_user_role` VALUES (853, 560, 23);
INSERT INTO `t_sys_user_role` VALUES (855, 562, 25);
INSERT INTO `t_sys_user_role` VALUES (857, 564, 25);
INSERT INTO `t_sys_user_role` VALUES (859, 566, 25);
INSERT INTO `t_sys_user_role` VALUES (861, 568, 25);
INSERT INTO `t_sys_user_role` VALUES (863, 570, 25);
INSERT INTO `t_sys_user_role` VALUES (865, 572, 25);
INSERT INTO `t_sys_user_role` VALUES (867, 574, 25);
INSERT INTO `t_sys_user_role` VALUES (869, 576, 25);
INSERT INTO `t_sys_user_role` VALUES (871, 578, 25);
INSERT INTO `t_sys_user_role` VALUES (873, 580, 25);
INSERT INTO `t_sys_user_role` VALUES (875, 582, 25);
INSERT INTO `t_sys_user_role` VALUES (877, 584, 25);
INSERT INTO `t_sys_user_role` VALUES (879, 586, 25);
INSERT INTO `t_sys_user_role` VALUES (881, 588, 25);
INSERT INTO `t_sys_user_role` VALUES (883, 590, 25);
INSERT INTO `t_sys_user_role` VALUES (885, 592, 25);
INSERT INTO `t_sys_user_role` VALUES (887, 594, 23);
INSERT INTO `t_sys_user_role` VALUES (889, 596, 25);
INSERT INTO `t_sys_user_role` VALUES (891, 598, 25);
INSERT INTO `t_sys_user_role` VALUES (893, 600, 25);
INSERT INTO `t_sys_user_role` VALUES (895, 602, 25);
INSERT INTO `t_sys_user_role` VALUES (897, 604, 25);
INSERT INTO `t_sys_user_role` VALUES (899, 606, 25);
INSERT INTO `t_sys_user_role` VALUES (901, 608, 25);
INSERT INTO `t_sys_user_role` VALUES (903, 610, 25);
INSERT INTO `t_sys_user_role` VALUES (905, 612, 25);
INSERT INTO `t_sys_user_role` VALUES (907, 614, 25);
INSERT INTO `t_sys_user_role` VALUES (909, 616, 25);
INSERT INTO `t_sys_user_role` VALUES (911, 618, 25);
INSERT INTO `t_sys_user_role` VALUES (913, 620, 25);
INSERT INTO `t_sys_user_role` VALUES (915, 622, 25);
INSERT INTO `t_sys_user_role` VALUES (917, 624, 25);
INSERT INTO `t_sys_user_role` VALUES (919, 626, 25);
INSERT INTO `t_sys_user_role` VALUES (921, 628, 25);
INSERT INTO `t_sys_user_role` VALUES (923, 630, 25);
INSERT INTO `t_sys_user_role` VALUES (925, 632, 25);
INSERT INTO `t_sys_user_role` VALUES (927, 634, 25);
INSERT INTO `t_sys_user_role` VALUES (929, 636, 25);
INSERT INTO `t_sys_user_role` VALUES (931, 638, 25);
INSERT INTO `t_sys_user_role` VALUES (933, 640, 25);
INSERT INTO `t_sys_user_role` VALUES (935, 642, 25);
INSERT INTO `t_sys_user_role` VALUES (937, 644, 22);
INSERT INTO `t_sys_user_role` VALUES (939, 646, 25);
INSERT INTO `t_sys_user_role` VALUES (941, 648, 22);
INSERT INTO `t_sys_user_role` VALUES (943, 650, 23);
INSERT INTO `t_sys_user_role` VALUES (945, 652, 22);
INSERT INTO `t_sys_user_role` VALUES (947, 654, 25);
INSERT INTO `t_sys_user_role` VALUES (949, 656, 25);
INSERT INTO `t_sys_user_role` VALUES (951, 658, 25);
INSERT INTO `t_sys_user_role` VALUES (953, 660, 25);
INSERT INTO `t_sys_user_role` VALUES (955, 662, 25);
INSERT INTO `t_sys_user_role` VALUES (957, 664, 25);
INSERT INTO `t_sys_user_role` VALUES (959, 666, 25);
INSERT INTO `t_sys_user_role` VALUES (961, 668, 25);
INSERT INTO `t_sys_user_role` VALUES (963, 670, 25);
INSERT INTO `t_sys_user_role` VALUES (965, 672, 25);
INSERT INTO `t_sys_user_role` VALUES (967, 674, 22);
INSERT INTO `t_sys_user_role` VALUES (969, 676, 23);
INSERT INTO `t_sys_user_role` VALUES (971, 678, 22);
INSERT INTO `t_sys_user_role` VALUES (973, 680, 22);
INSERT INTO `t_sys_user_role` VALUES (975, 682, 22);
INSERT INTO `t_sys_user_role` VALUES (977, 684, 22);
INSERT INTO `t_sys_user_role` VALUES (979, 686, 23);
INSERT INTO `t_sys_user_role` VALUES (981, 688, 23);
INSERT INTO `t_sys_user_role` VALUES (983, 690, 25);
INSERT INTO `t_sys_user_role` VALUES (985, 692, 25);
INSERT INTO `t_sys_user_role` VALUES (987, 694, 25);
INSERT INTO `t_sys_user_role` VALUES (989, 696, 25);
INSERT INTO `t_sys_user_role` VALUES (991, 698, 25);
INSERT INTO `t_sys_user_role` VALUES (993, 700, 25);
INSERT INTO `t_sys_user_role` VALUES (995, 702, 25);
INSERT INTO `t_sys_user_role` VALUES (997, 704, 25);
INSERT INTO `t_sys_user_role` VALUES (999, 706, 25);
INSERT INTO `t_sys_user_role` VALUES (1001, 708, 25);
INSERT INTO `t_sys_user_role` VALUES (1003, 710, 25);
INSERT INTO `t_sys_user_role` VALUES (1005, 712, 23);
INSERT INTO `t_sys_user_role` VALUES (1007, 714, 25);
INSERT INTO `t_sys_user_role` VALUES (1009, 716, 25);
INSERT INTO `t_sys_user_role` VALUES (1011, 718, 25);
INSERT INTO `t_sys_user_role` VALUES (1013, 720, 25);
INSERT INTO `t_sys_user_role` VALUES (1015, 722, 25);
INSERT INTO `t_sys_user_role` VALUES (1017, 724, 25);
INSERT INTO `t_sys_user_role` VALUES (1019, 726, 25);
INSERT INTO `t_sys_user_role` VALUES (1021, 728, 23);
INSERT INTO `t_sys_user_role` VALUES (1023, 730, 25);
INSERT INTO `t_sys_user_role` VALUES (1025, 732, 25);
INSERT INTO `t_sys_user_role` VALUES (1027, 734, 25);
INSERT INTO `t_sys_user_role` VALUES (1029, 736, 25);
INSERT INTO `t_sys_user_role` VALUES (1031, 738, 25);
INSERT INTO `t_sys_user_role` VALUES (1033, 740, 23);
INSERT INTO `t_sys_user_role` VALUES (1035, 742, 23);
INSERT INTO `t_sys_user_role` VALUES (1037, 744, 25);
INSERT INTO `t_sys_user_role` VALUES (1039, 746, 25);
INSERT INTO `t_sys_user_role` VALUES (1041, 748, 25);
INSERT INTO `t_sys_user_role` VALUES (1043, 750, 25);
INSERT INTO `t_sys_user_role` VALUES (1045, 752, 25);
INSERT INTO `t_sys_user_role` VALUES (1047, 754, 25);
INSERT INTO `t_sys_user_role` VALUES (1049, 756, 25);
INSERT INTO `t_sys_user_role` VALUES (1051, 758, 25);
INSERT INTO `t_sys_user_role` VALUES (1053, 760, 25);
INSERT INTO `t_sys_user_role` VALUES (1055, 762, 25);
INSERT INTO `t_sys_user_role` VALUES (1057, 764, 25);
INSERT INTO `t_sys_user_role` VALUES (1059, 766, 25);
INSERT INTO `t_sys_user_role` VALUES (1061, 768, 25);
INSERT INTO `t_sys_user_role` VALUES (1063, 770, 25);
INSERT INTO `t_sys_user_role` VALUES (1065, 772, 25);
INSERT INTO `t_sys_user_role` VALUES (1067, 774, 25);
INSERT INTO `t_sys_user_role` VALUES (1069, 776, 25);
INSERT INTO `t_sys_user_role` VALUES (1071, 778, 25);
INSERT INTO `t_sys_user_role` VALUES (1073, 780, 25);
INSERT INTO `t_sys_user_role` VALUES (1075, 782, 25);
INSERT INTO `t_sys_user_role` VALUES (1077, 784, 25);
INSERT INTO `t_sys_user_role` VALUES (1079, 786, 25);
INSERT INTO `t_sys_user_role` VALUES (1081, 788, 25);
INSERT INTO `t_sys_user_role` VALUES (1083, 790, 25);
INSERT INTO `t_sys_user_role` VALUES (1085, 792, 25);
INSERT INTO `t_sys_user_role` VALUES (1087, 794, 25);
INSERT INTO `t_sys_user_role` VALUES (1089, 796, 23);
INSERT INTO `t_sys_user_role` VALUES (1091, 798, 25);
INSERT INTO `t_sys_user_role` VALUES (1093, 800, 25);
INSERT INTO `t_sys_user_role` VALUES (1095, 802, 25);
INSERT INTO `t_sys_user_role` VALUES (1097, 804, 25);
INSERT INTO `t_sys_user_role` VALUES (1099, 806, 25);
INSERT INTO `t_sys_user_role` VALUES (1101, 808, 25);
INSERT INTO `t_sys_user_role` VALUES (1103, 810, 25);
INSERT INTO `t_sys_user_role` VALUES (1105, 812, 25);
INSERT INTO `t_sys_user_role` VALUES (1107, 814, 25);
INSERT INTO `t_sys_user_role` VALUES (1109, 816, 23);
INSERT INTO `t_sys_user_role` VALUES (1111, 818, 23);
INSERT INTO `t_sys_user_role` VALUES (1113, 820, 23);
INSERT INTO `t_sys_user_role` VALUES (1115, 822, 25);
INSERT INTO `t_sys_user_role` VALUES (1117, 824, 22);
INSERT INTO `t_sys_user_role` VALUES (1119, 826, 25);
INSERT INTO `t_sys_user_role` VALUES (1121, 828, 25);
INSERT INTO `t_sys_user_role` VALUES (1123, 830, 25);
INSERT INTO `t_sys_user_role` VALUES (1125, 832, 25);
INSERT INTO `t_sys_user_role` VALUES (1127, 834, 25);
INSERT INTO `t_sys_user_role` VALUES (1129, 836, 25);
INSERT INTO `t_sys_user_role` VALUES (1131, 838, 25);
INSERT INTO `t_sys_user_role` VALUES (1133, 840, 25);
INSERT INTO `t_sys_user_role` VALUES (1135, 842, 25);
INSERT INTO `t_sys_user_role` VALUES (1137, 844, 25);
INSERT INTO `t_sys_user_role` VALUES (1139, 846, 25);
INSERT INTO `t_sys_user_role` VALUES (1141, 848, 23);
INSERT INTO `t_sys_user_role` VALUES (1143, 850, 25);
INSERT INTO `t_sys_user_role` VALUES (1145, 852, 25);
INSERT INTO `t_sys_user_role` VALUES (1147, 854, 25);
INSERT INTO `t_sys_user_role` VALUES (1149, 856, 25);
INSERT INTO `t_sys_user_role` VALUES (1151, 858, 25);
INSERT INTO `t_sys_user_role` VALUES (1153, 860, 25);
INSERT INTO `t_sys_user_role` VALUES (1155, 862, 25);
INSERT INTO `t_sys_user_role` VALUES (1157, 864, 25);
INSERT INTO `t_sys_user_role` VALUES (1159, 866, 25);
INSERT INTO `t_sys_user_role` VALUES (1161, 868, 25);
INSERT INTO `t_sys_user_role` VALUES (1163, 870, 25);
INSERT INTO `t_sys_user_role` VALUES (1165, 872, 25);
INSERT INTO `t_sys_user_role` VALUES (1167, 874, 25);
INSERT INTO `t_sys_user_role` VALUES (1169, 876, 25);
INSERT INTO `t_sys_user_role` VALUES (1171, 878, 25);
INSERT INTO `t_sys_user_role` VALUES (1173, 880, 25);
INSERT INTO `t_sys_user_role` VALUES (1175, 882, 25);
INSERT INTO `t_sys_user_role` VALUES (1177, 884, 25);
INSERT INTO `t_sys_user_role` VALUES (1179, 886, 25);
INSERT INTO `t_sys_user_role` VALUES (1181, 888, 25);
INSERT INTO `t_sys_user_role` VALUES (1183, 890, 25);
INSERT INTO `t_sys_user_role` VALUES (1185, 892, 25);
INSERT INTO `t_sys_user_role` VALUES (1187, 894, 25);
INSERT INTO `t_sys_user_role` VALUES (1189, 896, 25);
INSERT INTO `t_sys_user_role` VALUES (1191, 898, 25);
INSERT INTO `t_sys_user_role` VALUES (1193, 900, 25);
INSERT INTO `t_sys_user_role` VALUES (1195, 902, 25);
INSERT INTO `t_sys_user_role` VALUES (1197, 904, 25);
INSERT INTO `t_sys_user_role` VALUES (1199, 906, 25);
INSERT INTO `t_sys_user_role` VALUES (1201, 908, 25);
INSERT INTO `t_sys_user_role` VALUES (1203, 910, 25);
INSERT INTO `t_sys_user_role` VALUES (1205, 912, 25);
INSERT INTO `t_sys_user_role` VALUES (1207, 914, 25);
INSERT INTO `t_sys_user_role` VALUES (1209, 916, 25);
INSERT INTO `t_sys_user_role` VALUES (1211, 918, 25);
INSERT INTO `t_sys_user_role` VALUES (1213, 920, 25);
INSERT INTO `t_sys_user_role` VALUES (1215, 922, 25);
INSERT INTO `t_sys_user_role` VALUES (1217, 924, 25);
INSERT INTO `t_sys_user_role` VALUES (1219, 926, 25);
INSERT INTO `t_sys_user_role` VALUES (1221, 928, 25);
INSERT INTO `t_sys_user_role` VALUES (1223, 930, 25);
INSERT INTO `t_sys_user_role` VALUES (1225, 932, 25);
INSERT INTO `t_sys_user_role` VALUES (1227, 934, 25);
INSERT INTO `t_sys_user_role` VALUES (1229, 936, 25);
INSERT INTO `t_sys_user_role` VALUES (1231, 938, 25);
INSERT INTO `t_sys_user_role` VALUES (1233, 940, 25);
INSERT INTO `t_sys_user_role` VALUES (1235, 942, 25);
INSERT INTO `t_sys_user_role` VALUES (1237, 944, 25);
INSERT INTO `t_sys_user_role` VALUES (1239, 946, 25);
INSERT INTO `t_sys_user_role` VALUES (1241, 948, 25);
INSERT INTO `t_sys_user_role` VALUES (1243, 950, 25);
INSERT INTO `t_sys_user_role` VALUES (1245, 952, 25);
INSERT INTO `t_sys_user_role` VALUES (1247, 954, 25);
INSERT INTO `t_sys_user_role` VALUES (1249, 956, 25);
INSERT INTO `t_sys_user_role` VALUES (1251, 958, 25);
INSERT INTO `t_sys_user_role` VALUES (1253, 960, 25);
INSERT INTO `t_sys_user_role` VALUES (1255, 962, 25);
INSERT INTO `t_sys_user_role` VALUES (1257, 964, 25);
INSERT INTO `t_sys_user_role` VALUES (1259, 966, 25);
INSERT INTO `t_sys_user_role` VALUES (1261, 968, 25);
INSERT INTO `t_sys_user_role` VALUES (1263, 970, 25);
INSERT INTO `t_sys_user_role` VALUES (1265, 972, 25);
INSERT INTO `t_sys_user_role` VALUES (1267, 974, 25);
INSERT INTO `t_sys_user_role` VALUES (1269, 976, 25);
INSERT INTO `t_sys_user_role` VALUES (1271, 978, 25);
INSERT INTO `t_sys_user_role` VALUES (1273, 980, 25);
INSERT INTO `t_sys_user_role` VALUES (1275, 982, 25);
INSERT INTO `t_sys_user_role` VALUES (1277, 984, 25);
INSERT INTO `t_sys_user_role` VALUES (1279, 986, 25);
INSERT INTO `t_sys_user_role` VALUES (1281, 988, 25);
INSERT INTO `t_sys_user_role` VALUES (1283, 990, 25);
INSERT INTO `t_sys_user_role` VALUES (1285, 992, 25);
INSERT INTO `t_sys_user_role` VALUES (1287, 994, 25);
INSERT INTO `t_sys_user_role` VALUES (1289, 996, 25);
INSERT INTO `t_sys_user_role` VALUES (1291, 998, 25);
INSERT INTO `t_sys_user_role` VALUES (1293, 1000, 25);
INSERT INTO `t_sys_user_role` VALUES (1295, 1002, 25);
INSERT INTO `t_sys_user_role` VALUES (1297, 1004, 25);
INSERT INTO `t_sys_user_role` VALUES (1299, 1006, 25);
INSERT INTO `t_sys_user_role` VALUES (1301, 1008, 25);
INSERT INTO `t_sys_user_role` VALUES (1303, 1010, 25);
INSERT INTO `t_sys_user_role` VALUES (1305, 1012, 25);
INSERT INTO `t_sys_user_role` VALUES (1307, 1014, 25);
INSERT INTO `t_sys_user_role` VALUES (1309, 1016, 25);
INSERT INTO `t_sys_user_role` VALUES (1311, 1018, 25);
INSERT INTO `t_sys_user_role` VALUES (1313, 1020, 25);
INSERT INTO `t_sys_user_role` VALUES (1315, 1022, 25);
INSERT INTO `t_sys_user_role` VALUES (1317, 1024, 25);
INSERT INTO `t_sys_user_role` VALUES (1319, 1026, 25);
INSERT INTO `t_sys_user_role` VALUES (1321, 1028, 25);
INSERT INTO `t_sys_user_role` VALUES (1323, 1030, 25);
INSERT INTO `t_sys_user_role` VALUES (1325, 1032, 25);
INSERT INTO `t_sys_user_role` VALUES (1327, 1034, 25);
INSERT INTO `t_sys_user_role` VALUES (1329, 1036, 25);
INSERT INTO `t_sys_user_role` VALUES (1331, 1038, 25);
INSERT INTO `t_sys_user_role` VALUES (1333, 1040, 25);
INSERT INTO `t_sys_user_role` VALUES (1335, 1042, 25);
INSERT INTO `t_sys_user_role` VALUES (1337, 1044, 25);
INSERT INTO `t_sys_user_role` VALUES (1339, 1046, 25);
INSERT INTO `t_sys_user_role` VALUES (1341, 1048, 25);
INSERT INTO `t_sys_user_role` VALUES (1343, 1050, 25);
INSERT INTO `t_sys_user_role` VALUES (1345, 1052, 22);
INSERT INTO `t_sys_user_role` VALUES (1347, 1054, 23);
INSERT INTO `t_sys_user_role` VALUES (1349, 1056, 22);
INSERT INTO `t_sys_user_role` VALUES (1351, 1058, 22);
INSERT INTO `t_sys_user_role` VALUES (1353, 1060, 22);
INSERT INTO `t_sys_user_role` VALUES (1355, 1062, 23);
INSERT INTO `t_sys_user_role` VALUES (1357, 1064, 23);
INSERT INTO `t_sys_user_role` VALUES (1359, 1066, 23);
INSERT INTO `t_sys_user_role` VALUES (1361, 1068, 23);
INSERT INTO `t_sys_user_role` VALUES (1363, 1070, 23);
INSERT INTO `t_sys_user_role` VALUES (1365, 1072, 23);
INSERT INTO `t_sys_user_role` VALUES (1367, 1074, 23);
INSERT INTO `t_sys_user_role` VALUES (1369, 1076, 23);
INSERT INTO `t_sys_user_role` VALUES (1371, 1078, 23);
INSERT INTO `t_sys_user_role` VALUES (1373, 1080, 23);
INSERT INTO `t_sys_user_role` VALUES (1375, 1082, 23);
INSERT INTO `t_sys_user_role` VALUES (1377, 1084, 23);
INSERT INTO `t_sys_user_role` VALUES (1379, 1086, 23);
INSERT INTO `t_sys_user_role` VALUES (1381, 1088, 22);
INSERT INTO `t_sys_user_role` VALUES (1383, 1090, 25);
INSERT INTO `t_sys_user_role` VALUES (1385, 1092, 25);
INSERT INTO `t_sys_user_role` VALUES (1387, 1094, 25);
INSERT INTO `t_sys_user_role` VALUES (1389, 1096, 25);
INSERT INTO `t_sys_user_role` VALUES (1391, 1098, 25);
INSERT INTO `t_sys_user_role` VALUES (1393, 1100, 25);
INSERT INTO `t_sys_user_role` VALUES (1395, 1102, 25);
INSERT INTO `t_sys_user_role` VALUES (1397, 1104, 23);
INSERT INTO `t_sys_user_role` VALUES (1399, 1106, 23);
INSERT INTO `t_sys_user_role` VALUES (1401, 1108, 25);
INSERT INTO `t_sys_user_role` VALUES (1403, 1110, 25);
INSERT INTO `t_sys_user_role` VALUES (1405, 1112, 25);
INSERT INTO `t_sys_user_role` VALUES (1407, 1114, 25);
INSERT INTO `t_sys_user_role` VALUES (1409, 1116, 25);
INSERT INTO `t_sys_user_role` VALUES (1411, 1118, 25);
INSERT INTO `t_sys_user_role` VALUES (1413, 1120, 25);
INSERT INTO `t_sys_user_role` VALUES (1415, 1122, 25);
INSERT INTO `t_sys_user_role` VALUES (1417, 1124, 23);
INSERT INTO `t_sys_user_role` VALUES (1419, 1126, 25);
INSERT INTO `t_sys_user_role` VALUES (1421, 1128, 25);
INSERT INTO `t_sys_user_role` VALUES (1423, 1130, 25);
INSERT INTO `t_sys_user_role` VALUES (1425, 1132, 25);
INSERT INTO `t_sys_user_role` VALUES (1427, 1134, 25);
INSERT INTO `t_sys_user_role` VALUES (1429, 1136, 25);
INSERT INTO `t_sys_user_role` VALUES (1431, 1138, 25);
INSERT INTO `t_sys_user_role` VALUES (1433, 1140, 25);
INSERT INTO `t_sys_user_role` VALUES (1435, 1142, 25);
INSERT INTO `t_sys_user_role` VALUES (1437, 1144, 23);
INSERT INTO `t_sys_user_role` VALUES (1439, 1146, 25);
INSERT INTO `t_sys_user_role` VALUES (1441, 1148, 25);
INSERT INTO `t_sys_user_role` VALUES (1443, 1150, 25);
INSERT INTO `t_sys_user_role` VALUES (1445, 1152, 25);
INSERT INTO `t_sys_user_role` VALUES (1447, 1154, 25);
INSERT INTO `t_sys_user_role` VALUES (1449, 1156, 25);
INSERT INTO `t_sys_user_role` VALUES (1451, 1158, 25);
INSERT INTO `t_sys_user_role` VALUES (1453, 1160, 25);
INSERT INTO `t_sys_user_role` VALUES (1455, 1162, 25);
INSERT INTO `t_sys_user_role` VALUES (1457, 1164, 25);
INSERT INTO `t_sys_user_role` VALUES (1459, 1166, 25);
INSERT INTO `t_sys_user_role` VALUES (1461, 1168, 25);
INSERT INTO `t_sys_user_role` VALUES (1463, 1170, 25);
INSERT INTO `t_sys_user_role` VALUES (1465, 1172, 25);
INSERT INTO `t_sys_user_role` VALUES (1467, 1174, 25);
INSERT INTO `t_sys_user_role` VALUES (1469, 1176, 25);
INSERT INTO `t_sys_user_role` VALUES (1471, 1178, 25);
INSERT INTO `t_sys_user_role` VALUES (1473, 1180, 25);
INSERT INTO `t_sys_user_role` VALUES (1475, 1182, 25);
INSERT INTO `t_sys_user_role` VALUES (1477, 1184, 25);
INSERT INTO `t_sys_user_role` VALUES (1479, 1186, 25);
INSERT INTO `t_sys_user_role` VALUES (1481, 1188, 25);
INSERT INTO `t_sys_user_role` VALUES (1483, 1190, 25);
INSERT INTO `t_sys_user_role` VALUES (1485, 1192, 25);
INSERT INTO `t_sys_user_role` VALUES (1487, 1194, 25);
INSERT INTO `t_sys_user_role` VALUES (1489, 1196, 25);
INSERT INTO `t_sys_user_role` VALUES (1491, 1198, 25);
INSERT INTO `t_sys_user_role` VALUES (1493, 1200, 25);
INSERT INTO `t_sys_user_role` VALUES (1495, 1202, 25);
INSERT INTO `t_sys_user_role` VALUES (1497, 1204, 25);
INSERT INTO `t_sys_user_role` VALUES (1499, 1206, 25);
INSERT INTO `t_sys_user_role` VALUES (1501, 1208, 25);
INSERT INTO `t_sys_user_role` VALUES (1503, 1210, 25);
INSERT INTO `t_sys_user_role` VALUES (1505, 1212, 25);
INSERT INTO `t_sys_user_role` VALUES (1507, 1214, 25);
INSERT INTO `t_sys_user_role` VALUES (1509, 1216, 25);
INSERT INTO `t_sys_user_role` VALUES (1511, 1218, 25);
INSERT INTO `t_sys_user_role` VALUES (1513, 1220, 25);
INSERT INTO `t_sys_user_role` VALUES (1515, 1222, 25);
INSERT INTO `t_sys_user_role` VALUES (1517, 1224, 25);
INSERT INTO `t_sys_user_role` VALUES (1519, 1226, 25);
INSERT INTO `t_sys_user_role` VALUES (1521, 1228, 25);
INSERT INTO `t_sys_user_role` VALUES (1523, 1230, 22);
INSERT INTO `t_sys_user_role` VALUES (1525, 1232, 25);
INSERT INTO `t_sys_user_role` VALUES (1527, 1234, 25);
INSERT INTO `t_sys_user_role` VALUES (1529, 1236, 25);
INSERT INTO `t_sys_user_role` VALUES (1531, 1238, 25);
INSERT INTO `t_sys_user_role` VALUES (1533, 1240, 25);
INSERT INTO `t_sys_user_role` VALUES (1535, 1242, 25);
INSERT INTO `t_sys_user_role` VALUES (1537, 1244, 25);
INSERT INTO `t_sys_user_role` VALUES (1539, 1246, 25);
INSERT INTO `t_sys_user_role` VALUES (1541, 1248, 25);
INSERT INTO `t_sys_user_role` VALUES (1543, 1250, 25);
INSERT INTO `t_sys_user_role` VALUES (1545, 1252, 25);
INSERT INTO `t_sys_user_role` VALUES (1547, 1254, 25);
INSERT INTO `t_sys_user_role` VALUES (1549, 1256, 25);
INSERT INTO `t_sys_user_role` VALUES (1551, 1258, 25);
INSERT INTO `t_sys_user_role` VALUES (1553, 1260, 25);
INSERT INTO `t_sys_user_role` VALUES (1555, 1262, 23);
INSERT INTO `t_sys_user_role` VALUES (1557, 1264, 25);
INSERT INTO `t_sys_user_role` VALUES (1559, 1266, 25);
INSERT INTO `t_sys_user_role` VALUES (1561, 1268, 25);
INSERT INTO `t_sys_user_role` VALUES (1563, 1270, 25);
INSERT INTO `t_sys_user_role` VALUES (1565, 1272, 25);
INSERT INTO `t_sys_user_role` VALUES (1567, 1274, 25);
INSERT INTO `t_sys_user_role` VALUES (1569, 1276, 25);
INSERT INTO `t_sys_user_role` VALUES (1571, 1278, 25);
INSERT INTO `t_sys_user_role` VALUES (1573, 1280, 25);
INSERT INTO `t_sys_user_role` VALUES (1575, 1282, 25);
INSERT INTO `t_sys_user_role` VALUES (1577, 1284, 23);
INSERT INTO `t_sys_user_role` VALUES (1579, 1286, 25);
INSERT INTO `t_sys_user_role` VALUES (1581, 1288, 25);
INSERT INTO `t_sys_user_role` VALUES (1583, 1290, 25);
INSERT INTO `t_sys_user_role` VALUES (1585, 1292, 25);
INSERT INTO `t_sys_user_role` VALUES (1587, 1294, 25);
INSERT INTO `t_sys_user_role` VALUES (1589, 1296, 25);
INSERT INTO `t_sys_user_role` VALUES (1591, 1298, 25);
INSERT INTO `t_sys_user_role` VALUES (1593, 1300, 25);
INSERT INTO `t_sys_user_role` VALUES (1595, 1302, 25);
INSERT INTO `t_sys_user_role` VALUES (1597, 1304, 25);
INSERT INTO `t_sys_user_role` VALUES (1599, 1306, 25);
INSERT INTO `t_sys_user_role` VALUES (1601, 1308, 25);
INSERT INTO `t_sys_user_role` VALUES (1603, 1310, 25);
INSERT INTO `t_sys_user_role` VALUES (1605, 1312, 25);
INSERT INTO `t_sys_user_role` VALUES (1607, 1314, 25);
INSERT INTO `t_sys_user_role` VALUES (1609, 1316, 25);
INSERT INTO `t_sys_user_role` VALUES (1611, 1318, 25);
INSERT INTO `t_sys_user_role` VALUES (1613, 1320, 25);
INSERT INTO `t_sys_user_role` VALUES (1615, 1322, 25);
INSERT INTO `t_sys_user_role` VALUES (1617, 1324, 23);
INSERT INTO `t_sys_user_role` VALUES (1619, 1326, 23);
INSERT INTO `t_sys_user_role` VALUES (1621, 1328, 23);
INSERT INTO `t_sys_user_role` VALUES (1623, 1330, 23);
INSERT INTO `t_sys_user_role` VALUES (1625, 1332, 23);
INSERT INTO `t_sys_user_role` VALUES (1627, 1334, 25);
INSERT INTO `t_sys_user_role` VALUES (1629, 1336, 25);
INSERT INTO `t_sys_user_role` VALUES (1631, 1338, 25);
INSERT INTO `t_sys_user_role` VALUES (1633, 1340, 25);
INSERT INTO `t_sys_user_role` VALUES (1635, 1342, 25);
INSERT INTO `t_sys_user_role` VALUES (1637, 1344, 25);
INSERT INTO `t_sys_user_role` VALUES (1639, 1346, 25);
INSERT INTO `t_sys_user_role` VALUES (1641, 1348, 25);
INSERT INTO `t_sys_user_role` VALUES (1643, 1350, 25);
INSERT INTO `t_sys_user_role` VALUES (1645, 1352, 25);
INSERT INTO `t_sys_user_role` VALUES (1647, 1354, 25);
INSERT INTO `t_sys_user_role` VALUES (1649, 1356, 23);
INSERT INTO `t_sys_user_role` VALUES (1651, 1358, 25);
INSERT INTO `t_sys_user_role` VALUES (1653, 1360, 25);
INSERT INTO `t_sys_user_role` VALUES (1655, 1362, 25);
INSERT INTO `t_sys_user_role` VALUES (1657, 1364, 25);
INSERT INTO `t_sys_user_role` VALUES (1659, 1366, 25);
INSERT INTO `t_sys_user_role` VALUES (1661, 1368, 25);
INSERT INTO `t_sys_user_role` VALUES (1663, 1370, 25);
INSERT INTO `t_sys_user_role` VALUES (1665, 1372, 25);
INSERT INTO `t_sys_user_role` VALUES (1667, 1374, 25);
INSERT INTO `t_sys_user_role` VALUES (1669, 1376, 25);
INSERT INTO `t_sys_user_role` VALUES (1671, 1378, 25);
INSERT INTO `t_sys_user_role` VALUES (1673, 1380, 25);
INSERT INTO `t_sys_user_role` VALUES (1675, 1382, 25);
INSERT INTO `t_sys_user_role` VALUES (1677, 1384, 25);
INSERT INTO `t_sys_user_role` VALUES (1679, 1386, 25);
INSERT INTO `t_sys_user_role` VALUES (1681, 1388, 25);
INSERT INTO `t_sys_user_role` VALUES (1683, 1390, 25);
INSERT INTO `t_sys_user_role` VALUES (1685, 1392, 25);
INSERT INTO `t_sys_user_role` VALUES (1687, 1394, 25);
INSERT INTO `t_sys_user_role` VALUES (1689, 1396, 23);
INSERT INTO `t_sys_user_role` VALUES (1691, 1398, 25);
INSERT INTO `t_sys_user_role` VALUES (1693, 1400, 25);
INSERT INTO `t_sys_user_role` VALUES (1695, 1402, 25);
INSERT INTO `t_sys_user_role` VALUES (1697, 1404, 25);
INSERT INTO `t_sys_user_role` VALUES (1699, 1406, 25);
INSERT INTO `t_sys_user_role` VALUES (1701, 1408, 25);
INSERT INTO `t_sys_user_role` VALUES (1703, 1410, 25);
INSERT INTO `t_sys_user_role` VALUES (1705, 1412, 25);
INSERT INTO `t_sys_user_role` VALUES (1707, 1414, 25);
INSERT INTO `t_sys_user_role` VALUES (1709, 1416, 25);
INSERT INTO `t_sys_user_role` VALUES (1711, 1418, 25);
INSERT INTO `t_sys_user_role` VALUES (1713, 1420, 25);
INSERT INTO `t_sys_user_role` VALUES (1715, 1422, 25);
INSERT INTO `t_sys_user_role` VALUES (1717, 1424, 25);
INSERT INTO `t_sys_user_role` VALUES (1719, 1426, 22);
INSERT INTO `t_sys_user_role` VALUES (1721, 1428, 23);
INSERT INTO `t_sys_user_role` VALUES (1723, 1430, 22);
INSERT INTO `t_sys_user_role` VALUES (1725, 1432, 22);
INSERT INTO `t_sys_user_role` VALUES (1727, 1434, 22);
INSERT INTO `t_sys_user_role` VALUES (1729, 1436, 22);
INSERT INTO `t_sys_user_role` VALUES (1731, 1438, 22);
INSERT INTO `t_sys_user_role` VALUES (1733, 1440, 22);
INSERT INTO `t_sys_user_role` VALUES (1735, 1442, 25);
INSERT INTO `t_sys_user_role` VALUES (1737, 1444, 25);
INSERT INTO `t_sys_user_role` VALUES (1739, 1446, 25);
INSERT INTO `t_sys_user_role` VALUES (1741, 1448, 25);
INSERT INTO `t_sys_user_role` VALUES (1743, 1450, 25);
INSERT INTO `t_sys_user_role` VALUES (1745, 1452, 25);
INSERT INTO `t_sys_user_role` VALUES (1747, 1454, 25);
INSERT INTO `t_sys_user_role` VALUES (1749, 1456, 25);
INSERT INTO `t_sys_user_role` VALUES (1751, 1458, 25);
INSERT INTO `t_sys_user_role` VALUES (1753, 1460, 25);
INSERT INTO `t_sys_user_role` VALUES (1755, 1462, 25);
INSERT INTO `t_sys_user_role` VALUES (1757, 1464, 25);
INSERT INTO `t_sys_user_role` VALUES (1759, 1466, 25);
INSERT INTO `t_sys_user_role` VALUES (1761, 1468, 25);
INSERT INTO `t_sys_user_role` VALUES (1763, 1470, 25);
INSERT INTO `t_sys_user_role` VALUES (1765, 1472, 25);
INSERT INTO `t_sys_user_role` VALUES (1767, 1474, 25);
INSERT INTO `t_sys_user_role` VALUES (1769, 1476, 25);
INSERT INTO `t_sys_user_role` VALUES (1771, 1478, 25);
INSERT INTO `t_sys_user_role` VALUES (1773, 1480, 23);
INSERT INTO `t_sys_user_role` VALUES (1775, 1482, 23);
INSERT INTO `t_sys_user_role` VALUES (1777, 1484, 25);
INSERT INTO `t_sys_user_role` VALUES (1779, 1486, 25);
INSERT INTO `t_sys_user_role` VALUES (1781, 1488, 25);
INSERT INTO `t_sys_user_role` VALUES (1783, 1490, 25);
INSERT INTO `t_sys_user_role` VALUES (1785, 1492, 25);
INSERT INTO `t_sys_user_role` VALUES (1787, 1494, 25);
INSERT INTO `t_sys_user_role` VALUES (1789, 1496, 25);
INSERT INTO `t_sys_user_role` VALUES (1791, 1498, 25);
INSERT INTO `t_sys_user_role` VALUES (1793, 1500, 25);
INSERT INTO `t_sys_user_role` VALUES (1795, 1502, 25);
INSERT INTO `t_sys_user_role` VALUES (1797, 1504, 25);
INSERT INTO `t_sys_user_role` VALUES (1799, 1506, 25);
INSERT INTO `t_sys_user_role` VALUES (1801, 1508, 25);
INSERT INTO `t_sys_user_role` VALUES (1803, 1510, 25);
INSERT INTO `t_sys_user_role` VALUES (1805, 1512, 25);
INSERT INTO `t_sys_user_role` VALUES (1807, 1514, 25);
INSERT INTO `t_sys_user_role` VALUES (1809, 1516, 22);
INSERT INTO `t_sys_user_role` VALUES (1811, 1518, 25);
INSERT INTO `t_sys_user_role` VALUES (1813, 1520, 22);
INSERT INTO `t_sys_user_role` VALUES (1815, 1522, 23);
INSERT INTO `t_sys_user_role` VALUES (1817, 1524, 22);
INSERT INTO `t_sys_user_role` VALUES (2460, 1526, 8);
INSERT INTO `t_sys_user_role` VALUES (2461, 1527, 1);
INSERT INTO `t_sys_user_role` VALUES (2519, 1528, 1);
INSERT INTO `t_sys_user_role` VALUES (2463, 1529, 1);
INSERT INTO `t_sys_user_role` VALUES (2465, 1530, 1);
INSERT INTO `t_sys_user_role` VALUES (2467, 1531, 1);
INSERT INTO `t_sys_user_role` VALUES (2469, 1532, 1);
INSERT INTO `t_sys_user_role` VALUES (2471, 1533, 1);
INSERT INTO `t_sys_user_role` VALUES (2473, 1534, 1);
INSERT INTO `t_sys_user_role` VALUES (2475, 1535, 1);
INSERT INTO `t_sys_user_role` VALUES (2477, 1536, 1);
INSERT INTO `t_sys_user_role` VALUES (2479, 1537, 1);
INSERT INTO `t_sys_user_role` VALUES (2481, 1538, 1);
INSERT INTO `t_sys_user_role` VALUES (2483, 1539, 1);
INSERT INTO `t_sys_user_role` VALUES (2485, 1540, 1);
INSERT INTO `t_sys_user_role` VALUES (2487, 1541, 1);
INSERT INTO `t_sys_user_role` VALUES (2489, 1542, 1);
INSERT INTO `t_sys_user_role` VALUES (2491, 1543, 1);
INSERT INTO `t_sys_user_role` VALUES (2493, 1544, 1);
INSERT INTO `t_sys_user_role` VALUES (2495, 1545, 1);
INSERT INTO `t_sys_user_role` VALUES (2497, 1546, 1);
INSERT INTO `t_sys_user_role` VALUES (2499, 1547, 1);
INSERT INTO `t_sys_user_role` VALUES (2501, 1548, 1);
INSERT INTO `t_sys_user_role` VALUES (2503, 1549, 1);
INSERT INTO `t_sys_user_role` VALUES (2505, 1550, 1);
INSERT INTO `t_sys_user_role` VALUES (2507, 1551, 1);
INSERT INTO `t_sys_user_role` VALUES (2509, 1552, 1);
INSERT INTO `t_sys_user_role` VALUES (2511, 1553, 1);
INSERT INTO `t_sys_user_role` VALUES (2513, 1554, 1);
INSERT INTO `t_sys_user_role` VALUES (2515, 1555, 1);
COMMIT;

-- ----------------------------
-- Table structure for t_sys_user_token
-- ----------------------------
DROP TABLE IF EXISTS `t_sys_user_token`;
CREATE TABLE `t_sys_user_token` (
  `user_id` bigint(19) NOT NULL,
  `token` varchar(100) NOT NULL COMMENT 'token',
  `expire_time` datetime DEFAULT NULL COMMENT '过期时间',
  `update_time` datetime DEFAULT NULL COMMENT '更新时间',
  PRIMARY KEY (`user_id`),
  UNIQUE KEY `token` (`token`) USING BTREE
) ENGINE=InnoDB DEFAULT CHARSET=utf8 COMMENT='系统用户Token';

-- ----------------------------
-- Records of t_sys_user_token
-- ----------------------------
BEGIN;
INSERT INTO `t_sys_user_token` VALUES (1, '6c1d2929ccf9b9bb00803ba60549b78e', '2019-01-18 16:55:12', '2019-01-18 16:25:12');
COMMIT;

SET FOREIGN_KEY_CHECKS = 1;
